ID,Product_Type,Raw_Material_Usage_kg,Energy_Consumption_kWh,Waste_Generated_kg,Transport_Distance_km,CO2_Emissions_kg,Manufacturing_Energy_kWh,Renewable_Energy,Cost,Delivery_Time_days,Sustainability_Score
1,Pharmaceutical,187.10,372.35,4.58,2708.23,206.07,195.02,77.31,4696.90,2.00,81.25
2,Food,117.38,82.44,31.49,606.00,794.00,784.21,31.90,989.72,4.00,37.55
3,Automotive,142.36,82.07,49.08,945.37,166.37,775.05,16.86,1321.19,2.00,41.17
4,Food,185.27,55.45,10.32,2883.07,653.16,214.61,46.88,1464.67,1.00,56.79
5,Food,144.38,480.43,39.84,1552.15,167.65,309.60,14.00,381.54,10.00,45.27
6,Apparel,38.98,381.88,45.49,4697.75,117.01,170.11,17.74,790.65,13.00,45.58
7,Automotive,119.49,208.96,47.24,4111.83,913.96,290.20,25.36,4934.48,13.00,16.49
8,Automotive,125.28,183.44,48.05,4919.48,230.62,671.17,42.50,1713.04,3.00,51.69
9,Automotive,90.58,207.37,26.55,1372.39,830.19,364.82,40.33,753.45,12.00,43.13
10,Food,149.92,398.59,48.89,4851.65,567.40,161.88,65.98,713.56,8.00,54.98
11,Pharmaceutical,187.53,347.62,38.11,2213.05,123.96,339.56,61.76,3653.41,6.00,64.61
12,Automotive,185.86,133.34,8.92,1802.84,957.68,786.97,39.84,4301.93,12.00,39.02
13,Food,95.66,128.35,24.37,346.71,284.61,540.78,33.36,1433.37,7.00,55.53
14,Apparel,31.52,94.28,36.20,358.55,866.66,391.31,32.15,300.37,2.00,35.00
15,Pharmaceutical,197.12,347.14,13.12,3490.86,210.37,216.58,64.18,1270.83,6.00,77.99
16,Apparel,169.39,393.97,32.39,2343.85,861.25,790.32,13.65,471.28,14.00,27.09
17,Pharmaceutical,33.69,169.27,33.66,1209.96,62.57,674.59,10.90,696.30,8.00,48.71
18,Food,184.96,59.43,8.97,3108.45,536.19,297.03,65.69,2271.24,8.00,68.63
19,Electronics,175.28,86.98,28.69,1339.00,780.97,149.05,43.40,1303.61,4.00,44.19
20,Pharmaceutical,108.58,485.54,38.81,2930.40,938.06,139.64,19.16,2676.54,6.00,20.56
21,Apparel,122.34,182.95,25.45,1860.12,913.74,184.26,26.49,1416.77,14.00,32.82
22,Food,85.81,396.15,1.59,4135.41,828.64,506.54,75.28,4714.58,5.00,62.71
23,Pharmaceutical,20.40,331.10,1.44,4121.41,893.78,750.13,70.17,4548.53,9.00,58.59
24,Electronics,73.69,221.87,18.49,2439.02,239.26,447.72,59.68,2920.67,8.00,69.43
25,Electronics,162.54,142.56,46.38,1819.01,319.98,690.06,43.76,1901.24,2.00,49.92
26,Automotive,10.88,104.62,12.21,1876.54,324.52,412.12,46.42,2029.51,12.00,64.53
27,Automotive,73.36,326.76,32.08,4048.00,408.20,596.01,78.27,2176.89,13.00,69.70
28,Apparel,85.65,398.59,11.88,1708.08,423.65,612.31,77.60,3692.38,7.00,73.95
29,Pharmaceutical,112.11,339.76,16.76,1124.39,567.33,221.77,25.07,2367.87,7.00,44.07
30,Pharmaceutical,184.77,288.64,42.55,514.97,201.89,352.85,66.78,4312.30,11.00,61.69
31,Automotive,75.81,68.88,36.71,2386.80,706.68,546.11,23.81,4731.65,14.00,26.55
32,Pharmaceutical,75.92,485.82,5.67,2462.45,209.19,149.49,24.95,1812.54,14.00,60.30
33,Pharmaceutical,150.13,409.42,22.01,4220.45,344.79,353.08,57.33,2891.33,12.00,63.73
34,Electronics,95.92,181.77,2.43,1184.07,528.18,474.36,38.35,656.27,1.00,61.05
35,Automotive,52.67,490.99,24.56,1966.86,806.62,797.36,75.21,1162.25,1.00,61.26
36,Food,95.96,320.85,33.46,4061.19,752.50,432.17,16.23,2184.64,12.00,27.79
37,Automotive,36.76,312.09,6.81,4135.76,663.26,671.24,45.81,1189.77,4.00,57.90
38,Food,43.51,386.63,15.16,1984.59,197.98,402.45,74.30,4407.49,5.00,76.33
39,Electronics,104.69,415.30,20.49,2349.71,569.69,657.47,73.29,959.77,4.00,69.44
40,Apparel,89.60,345.42,46.06,1586.10,133.07,516.79,20.96,2387.17,7.00,43.29
41,Pharmaceutical,183.82,107.64,49.67,4669.52,408.50,720.62,35.66,3107.36,3.00,39.49
42,Electronics,78.85,202.22,3.20,681.35,442.84,387.66,53.34,3520.95,7.00,65.06
43,Pharmaceutical,120.31,467.64,38.29,4675.37,87.82,523.01,21.16,2038.73,13.00,48.55
44,Apparel,130.13,151.08,19.21,3450.95,310.29,541.01,77.76,4371.68,8.00,73.14
45,Apparel,12.49,217.48,20.23,2704.70,957.87,392.17,74.03,2927.93,6.00,54.33
46,Electronics,136.07,244.43,37.96,260.03,955.95,201.02,21.69,2309.64,6.00,22.36
47,Apparel,43.83,247.73,46.00,2430.42,384.71,165.49,18.48,522.76,8.00,38.25
48,Food,192.60,325.82,47.60,2097.97,90.95,111.67,15.98,2430.51,8.00,41.36
49,Apparel,38.25,474.38,29.28,889.97,220.14,711.47,73.66,4139.53,7.00,70.24
50,Pharmaceutical,88.78,158.31,18.50,3316.41,422.61,265.53,23.55,3149.80,6.00,45.40
51,Pharmaceutical,26.22,104.68,39.59,4858.64,950.39,248.05,39.14,4194.38,6.00,26.83
52,Pharmaceutical,199.41,138.86,13.30,2854.73,184.14,615.22,41.42,2571.26,10.00,64.72
53,Pharmaceutical,105.42,449.12,28.64,3602.29,775.34,324.01,51.93,768.62,11.00,49.71
54,Food,123.12,340.61,18.57,435.41,153.25,454.23,15.02,265.47,13.00,54.95
55,Automotive,22.74,178.66,33.17,2146.57,982.19,213.76,25.87,1655.45,13.00,26.89
56,Electronics,152.49,417.18,12.78,670.16,412.54,771.82,75.20,3550.35,6.00,73.01
57,Pharmaceutical,49.88,437.62,10.39,3102.70,786.47,696.11,73.59,3993.25,8.00,61.06
58,Apparel,180.63,430.93,45.99,4698.56,375.46,704.65,64.69,1619.61,1.00,59.44
59,Pharmaceutical,48.98,463.52,5.99,3342.71,646.29,384.74,11.36,2579.14,5.00,38.74
60,Apparel,46.23,163.51,25.79,476.33,232.42,633.65,32.89,2221.37,3.00,54.71
61,Apparel,16.94,389.77,11.82,1837.86,188.72,200.71,53.96,2170.51,12.00,72.25
62,Pharmaceutical,99.69,257.24,2.91,2798.25,941.16,106.03,29.26,1310.47,8.00,42.61
63,Food,117.32,428.90,2.76,2075.72,921.76,113.98,73.67,854.58,11.00,66.37
64,Apparel,22.48,377.82,9.59,4184.86,893.10,510.62,54.37,1144.11,6.00,54.27
65,Apparel,157.35,399.40,43.47,4091.89,644.16,418.78,15.03,465.60,14.00,29.87
66,Pharmaceutical,96.12,345.27,14.84,3097.97,817.85,462.61,73.63,1151.03,2.00,64.04
67,Apparel,109.63,129.84,47.57,1929.94,115.59,105.22,77.04,244.16,13.00,75.54
68,Apparel,93.74,295.26,29.50,1351.15,368.05,395.88,15.44,3210.84,7.00,38.46
69,Pharmaceutical,86.14,493.10,22.39,618.78,348.02,602.65,47.27,1718.60,7.00,60.80
70,Pharmaceutical,116.33,471.82,29.42,1839.00,653.86,409.89,31.24,4871.09,13.00,34.49
71,Electronics,39.50,69.43,26.32,2124.55,388.16,612.55,37.50,1129.84,5.00,54.32
72,Food,44.57,124.17,38.18,3411.53,191.08,263.11,22.58,1859.98,8.00,46.56
73,Food,173.74,109.28,14.84,3324.98,616.64,669.20,50.47,1917.64,14.00,56.96
74,Apparel,189.76,376.69,18.30,443.53,823.66,511.90,77.06,240.57,5.00,66.02
75,Food,80.93,418.00,44.81,2036.77,413.02,247.53,45.22,4228.20,1.00,43.84
76,Apparel,61.44,146.08,47.38,990.72,175.66,265.70,15.80,353.57,9.00,42.97
77,Electronics,132.36,277.63,44.74,868.38,236.85,539.62,53.40,4712.86,4.00,52.27
78,Pharmaceutical,87.66,428.32,21.55,4153.78,275.61,680.96,33.82,4481.96,13.00,51.05
79,Pharmaceutical,14.82,379.76,39.24,305.38,334.90,390.94,69.91,2770.51,2.00,63.67
80,Pharmaceutical,39.67,294.01,24.34,2154.00,660.66,280.81,40.43,2809.26,4.00,45.04
81,Food,146.03,315.66,25.38,924.20,620.90,706.91,23.50,3338.13,14.00,36.29
82,Electronics,135.20,278.76,11.03,4408.72,711.28,568.49,23.38,2057.84,13.00,41.82
83,Food,15.15,183.90,29.97,2829.50,394.38,413.66,63.81,3306.67,9.00,61.48
84,Food,52.17,304.26,10.12,1233.77,832.80,441.53,28.59,414.89,2.00,44.43
85,Electronics,53.90,360.00,17.25,2561.89,243.88,242.98,63.71,459.43,4.00,76.72
86,Electronics,137.66,443.00,42.90,3684.28,495.59,538.76,24.41,2394.71,2.00,35.39
87,Electronics,13.75,336.33,11.15,4794.78,810.89,351.12,32.52,2838.19,5.00,41.80
88,Electronics,29.78,392.50,4.49,1180.19,221.15,796.95,42.58,4461.52,3.00,63.94
89,Pharmaceutical,161.98,122.03,4.38,4442.29,154.37,436.13,76.02,702.37,10.00,90.22
90,Automotive,43.92,257.70,47.10,4678.09,889.50,440.12,75.22,4148.71,2.00,43.79
91,Automotive,134.02,54.20,25.84,4590.46,375.78,496.10,24.48,1208.23,14.00,48.21
92,Electronics,55.25,161.01,21.06,3213.53,699.68,741.73,35.08,2091.60,9.00,43.94
93,Automotive,28.89,376.91,40.73,3186.12,74.08,660.57,20.46,1719.69,5.00,48.27
94,Automotive,56.20,496.31,41.96,2075.73,705.54,415.79,45.70,2120.75,10.00,40.66
95,Electronics,147.23,94.63,17.28,3786.75,350.30,603.09,42.24,922.38,5.00,61.86
96,Automotive,172.58,230.67,34.99,2703.34,102.95,510.36,73.05,2617.14,1.00,74.21
97,Food,167.74,410.03,38.79,3419.45,629.32,444.66,75.10,4047.88,6.00,55.06
98,Apparel,85.46,141.82,33.08,2199.44,278.76,234.62,36.85,2319.36,13.00,52.19
99,Apparel,136.94,299.79,8.43,3684.33,417.47,424.76,44.42,2554.95,7.00,61.21
100,Electronics,48.95,379.88,43.92,4139.91,126.55,272.07,72.74,4274.08,1.00,66.46
101,Pharmaceutical,65.70,327.19,27.42,817.54,189.81,740.39,66.47,3589.08,9.00,69.40
102,Electronics,180.30,134.61,14.84,4181.36,333.08,334.78,10.26,2554.18,8.00,44.09
103,Pharmaceutical,12.47,209.92,21.84,2747.45,135.27,766.58,32.40,1436.94,12.00,60.54
104,Apparel,26.25,402.71,2.84,4238.86,915.28,473.14,39.52,4447.65,14.00,42.27
105,Electronics,49.50,299.40,7.27,2213.38,55.74,542.08,26.08,2969.70,14.00,62.52
106,Food,15.04,52.35,38.51,1957.30,509.67,480.06,23.97,1261.51,8.00,38.77
107,Automotive,44.47,392.45,1.00,4583.80,167.09,190.57,12.64,1491.77,7.00,57.93
108,Pharmaceutical,120.78,65.89,21.41,1330.73,342.30,363.07,55.04,4055.04,5.00,60.57
109,Automotive,90.07,385.58,26.60,4236.64,929.76,169.40,28.38,411.90,3.00,34.83
110,Automotive,179.61,141.12,3.68,2471.70,203.61,536.07,13.66,4962.04,12.00,49.33
111,Electronics,165.31,481.13,48.68,2619.07,967.54,412.81,26.17,825.69,14.00,22.93
112,Automotive,74.95,215.57,12.08,1611.49,245.50,644.59,66.13,4021.13,9.00,72.83
113,Food,59.29,197.12,15.91,2907.91,754.49,254.33,69.60,2094.92,14.00,61.62
114,Automotive,82.14,117.00,15.89,1693.53,569.34,215.20,43.81,2562.64,7.00,53.34
115,Electronics,122.16,187.52,12.29,292.42,890.25,384.43,39.12,4427.12,11.00,39.08
116,Food,60.93,444.49,1.07,1432.79,576.29,748.61,78.45,2181.97,10.00,77.14
117,Apparel,128.59,498.35,36.74,131.26,557.83,597.30,24.04,2779.97,10.00,35.03
118,Automotive,87.79,215.74,48.38,4893.94,235.69,393.25,25.08,436.64,8.00,45.24
119,Electronics,114.89,251.87,11.99,4832.16,207.92,462.09,30.43,211.27,14.00,63.76
120,Apparel,92.86,374.93,33.49,2036.26,920.66,158.95,22.09,1375.04,6.00,27.28
121,Apparel,65.95,448.79,37.35,3669.02,361.45,789.20,36.56,3466.80,12.00,45.56
122,Pharmaceutical,190.21,316.87,42.57,1794.45,403.48,566.49,73.76,782.07,14.00,66.18
123,Food,155.09,226.19,21.71,3388.36,771.83,299.78,53.07,746.06,11.00,53.21
124,Automotive,36.62,235.68,15.84,4046.61,371.88,510.07,38.84,2172.61,14.00,57.58
125,Electronics,175.01,363.03,16.94,4739.11,954.46,176.64,75.41,3309.62,5.00,55.68
126,Pharmaceutical,102.61,51.45,35.92,2061.04,751.03,776.09,13.39,3617.95,8.00,22.56
127,Food,179.96,328.82,41.02,3938.16,617.56,222.35,24.72,1056.56,3.00,35.31
128,Pharmaceutical,161.97,209.97,9.90,1403.05,886.85,553.62,49.61,582.02,12.00,53.08
129,Food,90.79,407.39,19.18,4952.63,97.13,271.82,53.09,4713.91,13.00,66.53
130,Food,14.27,91.85,45.20,226.27,294.21,602.29,12.77,1451.20,13.00,36.58
131,Automotive,61.05,314.69,40.53,3057.29,491.78,643.77,38.21,4296.06,7.00,39.55
132,Food,112.91,266.44,49.26,3331.58,265.63,571.39,55.44,4344.76,2.00,51.36
133,Pharmaceutical,130.36,339.05,37.96,3471.42,756.71,530.15,58.86,3908.11,3.00,43.73
134,Food,59.00,79.18,20.27,689.90,923.25,724.73,54.67,1010.40,13.00,49.51
135,Automotive,36.48,310.99,29.94,4698.80,452.58,155.04,32.44,4144.65,12.00,42.38
136,Automotive,168.64,302.67,33.39,987.80,375.03,331.64,16.55,3892.40,2.00,35.88
137,Pharmaceutical,197.04,302.30,4.84,3151.49,963.47,273.80,39.90,3064.27,5.00,42.98
138,Apparel,109.88,321.57,27.68,1191.11,472.61,791.61,19.01,1818.57,7.00,40.62
139,Apparel,42.62,354.41,35.76,1605.36,514.60,372.57,76.33,1460.04,11.00,65.51
140,Food,61.74,412.25,9.20,2777.65,384.07,612.83,43.26,785.07,10.00,64.86
141,Electronics,13.49,171.42,39.25,2144.25,914.07,579.31,32.21,2646.83,11.00,27.69
142,Food,183.72,421.27,29.60,885.11,590.51,248.46,63.64,3009.25,11.00,56.24
143,Pharmaceutical,32.37,274.22,47.66,937.59,774.07,267.30,44.86,1924.83,11.00,36.29
144,Pharmaceutical,119.54,84.68,3.08,2148.91,821.22,296.90,31.70,2481.72,10.00,45.02
145,Pharmaceutical,62.07,76.35,14.00,3810.69,374.76,387.79,66.84,1944.87,13.00,72.69
146,Pharmaceutical,115.29,200.41,30.48,4500.03,462.01,264.03,70.70,3276.83,14.00,62.75
147,Pharmaceutical,133.77,403.20,15.53,512.23,856.05,113.76,57.11,4526.04,1.00,47.61
148,Automotive,167.65,368.46,36.01,2026.21,395.09,715.58,13.29,986.82,13.00,38.41
149,Apparel,49.22,404.88,38.19,591.20,804.24,775.93,49.64,2030.76,10.00,41.36
150,Pharmaceutical,12.09,282.77,6.02,181.30,943.94,339.10,63.43,876.17,9.00,59.24
151,Electronics,36.01,248.09,26.18,3342.42,642.05,336.95,19.56,3199.73,1.00,33.65
152,Electronics,181.00,116.35,25.94,3052.00,754.55,104.96,26.01,3698.58,1.00,32.60
153,Electronics,176.04,197.69,19.09,898.79,814.84,576.18,71.77,4673.18,14.00,54.46
154,Electronics,123.51,245.31,46.71,1245.68,852.79,677.81,11.41,1538.59,12.00,18.36
155,Automotive,124.10,89.87,41.55,216.17,425.30,202.63,62.69,4761.01,10.00,52.45
156,Electronics,136.36,149.28,35.16,4191.24,98.70,211.77,43.16,503.66,8.00,63.55
157,Pharmaceutical,43.32,319.20,36.00,4875.98,431.78,653.06,41.27,3094.47,6.00,47.09
158,Food,183.74,381.05,23.62,763.75,690.07,531.40,10.50,474.24,6.00,34.15
159,Electronics,89.57,499.26,46.13,1234.23,477.83,131.40,67.36,4490.12,12.00,51.91
160,Automotive,82.80,469.90,35.04,4355.21,761.51,535.78,35.19,2743.08,9.00,35.25
161,Automotive,108.59,339.15,36.72,4639.67,389.13,316.24,47.85,3412.87,4.00,50.74
162,Electronics,18.92,239.56,43.22,2156.17,653.01,358.11,57.41,4191.55,8.00,43.44
163,Food,41.59,336.28,14.43,348.05,227.10,638.81,59.18,921.49,4.00,75.16
164,Electronics,150.23,403.54,40.55,293.02,761.90,667.65,76.92,385.24,14.00,58.61
165,Automotive,25.73,103.25,10.57,2912.35,568.41,380.25,47.19,4418.63,2.00,53.48
166,Apparel,124.60,234.46,17.92,2025.19,243.86,763.01,37.98,1711.68,11.00,61.08
167,Pharmaceutical,56.62,427.91,17.44,240.40,327.32,384.52,76.76,819.10,8.00,79.94
168,Automotive,83.97,222.72,48.95,2957.94,761.18,640.29,54.95,2448.61,12.00,40.16
169,Electronics,64.85,307.34,42.97,155.38,508.47,438.71,30.87,3071.87,7.00,36.85
170,Pharmaceutical,77.58,314.50,35.36,3958.12,255.23,728.27,18.85,348.66,4.00,46.93
171,Electronics,146.62,133.01,36.63,1601.52,968.91,735.43,68.98,1519.50,9.00,47.73
172,Electronics,66.45,213.01,28.54,297.26,729.37,161.19,35.35,357.44,9.00,43.66
173,Apparel,117.62,200.53,47.41,2982.93,959.28,755.55,56.23,2217.61,8.00,35.94
174,Pharmaceutical,100.45,61.79,25.32,2048.65,455.75,677.87,42.96,4496.48,14.00,48.69
175,Pharmaceutical,136.10,60.89,19.65,4871.62,501.35,653.92,23.93,4916.73,1.00,39.23
176,Apparel,188.00,424.26,8.99,2766.57,903.06,240.64,52.12,3257.83,7.00,48.86
177,Automotive,149.19,172.88,39.52,1448.67,548.80,663.58,14.25,975.86,5.00,32.90
178,Electronics,50.84,283.14,36.99,3576.25,721.91,695.09,38.93,4548.08,7.00,33.92
179,Food,15.92,184.43,19.83,1430.31,289.56,302.41,48.26,2677.99,12.00,62.16
180,Electronics,59.83,473.31,2.23,4530.79,474.39,766.58,40.52,938.00,9.00,63.26
181,Electronics,123.06,166.68,42.11,1936.14,167.28,134.90,62.41,4624.29,2.00,60.09
182,Automotive,19.77,243.35,1.56,2794.36,245.68,204.94,67.95,3835.85,13.00,78.31
183,Electronics,104.31,442.73,35.48,347.81,50.90,476.31,63.99,3712.19,14.00,68.85
184,Apparel,123.40,428.87,48.54,2187.99,87.30,503.05,12.72,3604.07,11.00,37.11
185,Apparel,73.51,133.75,22.45,4178.58,978.42,551.61,23.59,1161.63,4.00,31.14
186,Pharmaceutical,156.47,411.19,12.51,4047.68,280.24,111.88,47.56,1212.83,4.00,67.94
187,Food,30.25,256.18,35.54,1199.16,680.15,772.26,75.44,3503.81,2.00,56.09
188,Electronics,24.28,267.34,41.04,1207.79,847.14,131.21,68.45,1254.67,3.00,49.88
189,Electronics,148.36,110.07,27.78,4104.80,573.13,200.14,68.98,2305.62,11.00,61.57
190,Automotive,104.14,86.27,48.38,4658.95,195.49,109.81,31.22,3953.61,14.00,42.49
191,Apparel,140.80,377.57,3.53,567.27,741.71,496.80,40.06,3962.97,14.00,48.44
192,Food,92.62,273.41,25.73,2305.29,620.24,752.59,42.95,2375.66,13.00,47.82
193,Pharmaceutical,56.82,246.58,36.20,1753.53,744.69,566.16,21.02,4002.51,8.00,25.68
194,Apparel,165.63,378.28,43.27,4366.37,781.26,675.86,12.17,4225.38,12.00,16.89
195,Pharmaceutical,161.89,394.48,9.78,509.27,976.64,109.30,76.28,3342.92,9.00,58.24
196,Automotive,141.99,121.51,40.20,1134.52,594.89,479.41,26.85,1296.44,6.00,36.91
197,Automotive,61.71,324.60,28.08,3787.09,374.56,421.69,26.80,1515.26,10.00,47.90
198,Electronics,122.14,110.91,20.43,351.34,666.04,449.28,15.84,1711.24,2.00,36.34
199,Food,78.59,388.12,7.45,2513.42,115.02,150.55,75.00,760.66,2.00,89.54
200,Pharmaceutical,27.40,345.63,43.40,2266.32,902.53,579.10,50.58,1511.17,7.00,37.83
201,Apparel,184.29,480.48,8.71,1738.57,163.41,452.25,56.69,1205.69,8.00,77.55
202,Automotive,36.00,81.03,16.18,2033.40,361.45,635.60,73.81,2385.58,8.00,74.82
203,Electronics,190.55,75.67,15.21,2696.71,824.96,439.70,34.19,4560.50,14.00,37.14
204,Electronics,94.74,176.98,43.70,890.70,617.45,204.57,53.51,701.51,6.00,49.35
205,Pharmaceutical,45.18,167.77,33.96,2902.78,423.95,553.78,12.72,3657.29,10.00,32.74
206,Automotive,112.96,161.14,40.04,4046.62,499.76,220.67,23.07,3498.96,8.00,33.53
207,Food,175.86,457.81,13.27,3824.79,861.82,710.68,68.19,659.62,14.00,61.61
208,Automotive,149.12,162.30,31.62,854.11,373.00,529.18,63.67,4628.35,1.00,58.74
209,Pharmaceutical,163.25,172.38,29.02,831.32,876.17,210.04,34.54,2928.67,9.00,33.52
210,Pharmaceutical,135.17,391.73,41.81,1414.05,133.73,773.64,36.38,1945.88,13.00,53.56
211,Automotive,141.53,252.38,45.40,1869.27,787.96,462.86,47.35,3831.39,12.00,34.21
212,Pharmaceutical,171.35,399.52,1.60,2101.43,855.17,151.03,10.02,1435.35,1.00,35.84
213,Automotive,57.44,79.41,34.03,3430.52,222.73,538.78,26.89,3528.85,13.00,46.09
214,Apparel,102.99,269.41,3.54,377.73,458.83,277.24,24.58,390.61,3.00,56.33
215,Automotive,52.03,65.13,27.89,269.90,207.22,662.59,27.53,4229.16,12.00,47.93
216,Automotive,197.66,78.19,15.09,2020.36,721.27,672.48,66.41,2351.22,9.00,60.83
217,Pharmaceutical,189.37,457.90,16.03,3516.10,558.58,785.26,29.58,3256.13,11.00,45.11
218,Pharmaceutical,17.49,112.66,18.29,1047.83,653.56,451.31,23.41,1261.94,5.00,42.25
219,Electronics,144.06,289.59,31.44,3243.37,236.66,418.47,45.30,3449.95,9.00,56.07
220,Electronics,185.80,234.99,17.37,1373.16,251.16,627.43,70.60,3906.75,9.00,73.00
221,Apparel,44.31,206.30,36.90,4441.82,89.42,192.73,26.89,2471.42,6.00,51.06
222,Electronics,117.91,454.93,20.82,4488.88,355.96,482.84,15.50,3165.09,11.00,42.41
223,Automotive,183.94,59.82,4.35,1556.71,581.76,482.37,34.95,2390.36,1.00,53.50
224,Pharmaceutical,16.45,348.71,39.40,1226.97,865.04,162.63,62.34,4491.64,10.00,40.47
225,Electronics,142.51,483.53,15.00,2115.39,683.58,392.59,48.55,2589.77,7.00,52.59
226,Electronics,66.50,302.08,22.21,1278.60,463.63,697.30,67.18,4240.68,14.00,62.32
227,Apparel,185.64,471.57,34.59,3394.68,955.46,699.31,77.17,4046.49,6.00,47.99
228,Apparel,194.50,73.52,17.29,4147.72,733.28,169.47,65.49,2170.42,9.00,59.49
229,Automotive,189.41,238.46,3.77,3398.15,933.66,163.50,52.27,1304.41,7.00,54.01
230,Pharmaceutical,100.10,167.07,19.32,4139.32,551.21,283.89,44.53,2149.19,14.00,53.70
231,Apparel,173.79,378.87,47.28,2045.26,295.96,712.34,12.80,4165.84,12.00,30.28
232,Electronics,170.46,491.58,32.44,865.95,100.19,190.23,78.90,1292.64,11.00,80.88
233,Pharmaceutical,70.63,165.44,33.90,3715.96,739.78,604.00,36.84,2717.29,12.00,37.23
234,Pharmaceutical,167.49,344.38,31.98,1866.33,165.24,170.82,20.66,4069.26,13.00,44.44
235,Electronics,17.03,139.14,10.75,3389.23,337.64,536.20,56.67,1896.69,4.00,70.11
236,Apparel,123.29,304.40,21.50,1426.16,555.85,349.25,29.90,3282.61,7.00,43.11
237,Electronics,53.70,258.77,37.80,498.03,586.20,652.24,51.00,1379.03,2.00,50.04
238,Pharmaceutical,32.91,487.40,5.97,4963.65,620.55,263.58,51.07,724.54,6.00,63.08
239,Food,24.62,323.84,14.61,865.39,207.94,547.44,41.20,4013.04,6.00,60.49
240,Food,142.29,207.28,14.54,4943.26,410.75,264.98,68.53,675.05,2.00,74.78
241,Automotive,74.58,101.34,22.17,4888.67,636.33,599.56,28.55,1502.63,14.00,43.31
242,Electronics,147.71,118.06,49.04,3989.71,971.33,711.57,41.40,4304.53,4.00,23.34
243,Electronics,22.42,151.39,4.31,3331.17,741.25,188.76,47.64,1863.05,8.00,56.13
244,Automotive,69.91,162.93,26.42,2931.25,926.47,706.62,56.45,4870.62,8.00,40.12
245,Automotive,112.50,432.78,9.79,4343.90,774.10,515.50,64.88,4902.72,13.00,55.49
246,Automotive,160.24,302.55,48.56,1518.25,612.13,188.98,37.64,1487.72,8.00,38.05
247,Pharmaceutical,70.56,285.53,6.55,2391.64,232.42,399.28,55.22,396.70,8.00,77.22
248,Electronics,128.92,101.65,20.78,3135.01,683.35,212.60,20.54,3584.30,1.00,34.29
249,Pharmaceutical,178.34,437.06,37.16,2114.83,642.21,590.24,75.29,2364.74,2.00,58.78
250,Automotive,127.01,375.27,35.52,2194.68,622.35,631.21,36.81,683.61,12.00,44.16
251,Electronics,54.26,80.45,21.71,1718.39,515.30,174.06,61.07,3596.11,4.00,59.20
252,Pharmaceutical,14.64,368.53,17.98,2864.74,552.22,454.30,11.42,349.64,12.00,41.25
253,Pharmaceutical,175.32,294.59,20.48,4267.82,367.72,670.24,24.36,4376.94,9.00,44.20
254,Automotive,14.04,86.78,13.95,1087.49,543.35,755.31,44.10,865.53,3.00,58.44
255,Electronics,176.19,256.24,11.06,4678.72,237.68,459.46,71.48,811.10,14.00,82.56
256,Automotive,110.50,268.11,24.67,3476.53,814.92,765.20,46.91,1043.23,6.00,47.05
257,Electronics,188.42,124.60,14.16,4134.04,226.49,474.98,75.09,4809.28,7.00,75.47
258,Food,161.77,475.56,15.09,2825.33,130.72,375.93,43.87,3527.21,8.00,64.92
259,Apparel,199.61,432.49,33.18,3919.63,464.43,693.74,44.33,4046.58,13.00,46.87
260,Apparel,76.64,351.06,48.46,179.38,675.39,445.09,18.38,2108.65,7.00,25.33
261,Apparel,155.77,258.03,30.58,4110.06,465.83,430.33,66.19,1814.30,3.00,63.26
262,Automotive,86.37,235.29,4.77,296.68,312.92,443.22,27.29,1325.52,6.00,59.70
263,Food,101.18,342.94,4.70,4460.58,580.26,692.75,72.97,2507.11,5.00,72.18
264,Electronics,129.23,295.44,47.62,4960.62,379.65,682.36,73.76,2848.78,13.00,60.74
265,Pharmaceutical,176.00,78.02,15.57,1540.93,936.22,382.46,76.03,3232.52,12.00,57.24
266,Electronics,196.98,280.63,5.51,1130.56,926.51,333.31,46.42,1434.17,10.00,50.34
267,Pharmaceutical,155.97,412.88,30.35,3850.28,527.25,444.35,57.40,4753.54,4.00,51.23
268,Electronics,89.38,256.66,31.56,1339.83,361.49,500.94,64.50,1014.84,1.00,66.75
269,Food,90.06,73.38,32.78,4341.26,750.28,266.84,19.17,4835.14,14.00,24.30
270,Pharmaceutical,150.14,403.83,14.10,603.93,84.88,655.77,52.07,271.31,13.00,77.30
271,Automotive,55.37,140.61,1.74,717.18,501.03,440.54,12.40,2509.40,7.00,45.45
272,Electronics,30.99,166.38,48.29,4897.84,369.51,333.83,44.83,1800.17,8.00,48.41
273,Electronics,77.38,124.12,13.29,3401.81,924.51,174.77,20.84,2355.79,2.00,32.66
274,Pharmaceutical,64.58,198.60,34.13,4249.75,61.40,267.19,22.80,2939.19,7.00,50.03
275,Automotive,66.30,390.54,35.62,1689.21,575.17,764.50,35.55,2290.83,6.00,41.69
276,Automotive,54.39,283.72,30.89,3414.77,753.63,313.57,40.27,2191.26,5.00,40.79
277,Food,18.00,142.20,16.33,3011.78,510.77,218.20,53.62,3717.07,13.00,57.52
278,Automotive,13.40,445.02,14.28,3055.44,131.13,422.47,15.21,3492.21,4.00,50.97
279,Automotive,197.67,445.81,30.29,3444.41,973.84,314.96,45.26,4199.70,2.00,32.90
280,Automotive,91.28,441.76,43.44,2919.26,542.11,124.61,22.78,1399.80,10.00,34.95
281,Apparel,83.02,157.46,47.39,2202.41,633.48,326.20,50.18,3125.74,6.00,40.88
282,Food,139.13,253.06,6.19,1452.02,274.78,480.88,54.62,3008.93,5.00,70.57
283,Electronics,51.47,493.25,8.59,3866.05,509.32,486.20,48.97,1974.74,2.00,61.82
284,Pharmaceutical,190.49,397.41,47.29,1208.73,457.69,349.59,61.68,2533.08,10.00,53.13
285,Electronics,159.41,62.23,37.09,3492.54,121.15,413.11,33.49,1706.15,7.00,54.86
286,Food,26.99,79.34,44.27,1243.33,150.85,775.86,63.56,880.85,6.00,67.78
287,Pharmaceutical,89.34,258.77,10.93,3164.12,845.60,364.14,40.29,1226.25,12.00,47.95
288,Food,177.03,459.15,29.79,3760.68,277.83,280.76,43.89,706.47,11.00,60.28
289,Automotive,189.50,292.42,35.36,1171.70,235.21,270.43,55.37,3478.73,9.00,59.53
290,Pharmaceutical,98.81,274.02,34.33,393.72,529.67,420.44,11.29,3371.49,11.00,29.28
291,Automotive,126.55,97.46,21.00,741.77,780.31,631.66,55.78,4762.91,10.00,46.55
292,Electronics,41.74,345.55,1.75,3069.39,108.85,244.19,53.30,3702.46,5.00,75.28
293,Electronics,198.32,419.95,29.56,4262.29,597.97,596.51,31.69,449.82,9.00,45.18
294,Pharmaceutical,54.02,221.19,13.40,320.48,163.25,114.80,16.01,4444.38,9.00,48.86
295,Pharmaceutical,189.12,399.03,23.06,3697.34,84.64,393.25,16.37,4340.84,13.00,47.74
296,Food,133.43,484.01,47.92,1772.46,100.11,643.11,74.63,2327.94,1.00,70.49
297,Food,125.47,141.69,20.55,2444.79,842.46,337.11,58.25,3012.14,5.00,49.61
298,Automotive,107.41,285.50,42.15,4651.41,162.07,494.62,18.90,4885.18,9.00,37.96
299,Pharmaceutical,53.83,179.21,10.24,1726.66,92.89,243.49,34.97,2755.06,7.00,65.09
300,Electronics,43.54,406.78,33.95,2380.15,466.00,619.40,51.47,4545.54,6.00,49.09
301,Food,51.89,309.92,48.87,167.04,851.79,136.60,68.49,598.59,6.00,47.94
302,Food,45.42,335.56,5.99,499.83,299.29,696.78,13.06,1117.05,11.00,52.92
303,Electronics,158.12,409.06,1.41,1367.10,450.63,238.74,26.56,2315.62,7.00,54.57
304,Food,76.52,228.19,22.25,236.48,87.93,712.08,72.28,3006.83,1.00,78.59
305,Automotive,20.99,461.79,5.54,3193.74,476.62,346.77,10.64,4117.89,4.00,40.57
306,Pharmaceutical,194.13,289.86,37.67,2189.35,598.73,605.88,24.10,4943.66,13.00,29.13
307,Electronics,177.92,121.08,45.81,2785.91,592.36,323.46,77.13,2066.49,1.00,58.34
308,Pharmaceutical,186.27,363.15,22.27,955.77,365.81,734.14,52.94,427.60,6.00,65.73
309,Food,199.03,406.97,13.68,1550.07,349.76,188.65,28.32,4045.62,14.00,50.10
310,Food,43.04,192.54,22.29,3352.74,151.29,224.96,14.69,3101.03,13.00,47.69
311,Electronics,85.29,435.73,36.45,4829.98,398.46,445.12,11.97,1153.01,4.00,37.15
312,Automotive,154.07,457.76,1.44,347.04,144.52,157.36,27.13,2575.18,1.00,63.50
313,Apparel,142.24,174.61,29.88,4462.88,778.27,237.19,71.70,3763.09,9.00,53.02
314,Electronics,39.24,492.58,31.05,2926.72,967.96,760.64,39.11,3897.98,12.00,30.30
315,Apparel,165.01,113.32,32.25,2863.21,971.57,783.54,60.42,2598.17,4.00,42.97
316,Apparel,52.64,140.91,12.86,2551.36,871.82,363.38,74.28,1665.03,12.00,62.51
317,Automotive,52.53,132.90,35.99,440.03,620.75,746.30,38.56,4873.96,6.00,36.52
318,Apparel,112.03,452.30,5.48,540.40,715.82,481.38,23.39,3384.14,13.00,41.26
319,Apparel,122.66,344.43,10.76,3044.47,320.95,288.82,46.20,2159.54,7.00,64.85
320,Automotive,120.22,118.45,44.00,1770.70,649.23,591.68,73.57,1546.22,8.00,56.62
321,Apparel,27.38,248.15,37.20,4594.61,482.87,561.23,66.31,3709.29,12.00,56.37
322,Apparel,176.72,326.88,1.67,2092.29,507.92,792.39,14.61,1362.48,13.00,48.67
323,Apparel,60.46,87.56,13.17,802.08,769.89,285.53,58.48,1024.21,11.00,58.83
324,Electronics,34.61,447.09,11.51,3602.12,317.82,570.44,50.03,2743.20,9.00,65.39
325,Electronics,178.86,411.62,14.27,1537.43,352.14,136.42,73.52,1591.94,9.00,77.31
326,Electronics,191.57,277.34,13.13,2674.80,928.41,179.55,18.57,3218.74,8.00,29.74
327,Automotive,173.80,485.21,4.06,3519.38,103.41,102.74,47.38,766.11,10.00,77.43
328,Food,163.81,237.99,23.49,4511.29,511.35,799.62,71.56,3343.72,11.00,64.36
329,Apparel,134.50,492.85,36.90,3981.74,917.16,661.59,38.70,1559.82,12.00,33.95
330,Apparel,114.66,350.56,30.73,3414.17,629.84,650.71,43.74,201.17,12.00,50.28
331,Automotive,26.53,335.60,33.97,3430.20,569.09,456.81,14.93,809.29,14.00,35.19
332,Apparel,87.61,124.68,4.98,4735.03,287.26,310.05,29.47,4681.35,3.00,54.76
333,Electronics,80.81,446.87,47.62,1549.54,376.11,205.88,32.72,4363.30,12.00,37.30
334,Food,59.35,242.37,42.09,105.45,859.45,299.27,76.16,1321.32,2.00,52.82
335,Pharmaceutical,147.45,123.01,40.45,1432.58,581.26,363.18,29.79,3936.19,5.00,33.40
336,Apparel,104.22,55.67,41.33,1167.67,539.01,629.42,42.26,3121.14,1.00,42.19
337,Electronics,25.40,301.89,46.70,3342.99,144.60,477.76,56.99,4860.34,3.00,55.76
338,Pharmaceutical,51.83,287.33,27.67,3205.19,65.23,154.24,21.35,1993.31,1.00,53.67
339,Food,139.82,373.71,10.81,3007.96,965.50,112.62,44.05,3471.01,13.00,41.79
340,Pharmaceutical,24.46,450.62,31.22,179.59,408.14,171.63,61.70,504.97,3.00,65.11
341,Electronics,171.73,85.73,37.40,3671.01,623.05,387.35,70.68,2101.99,13.00,57.48
342,Pharmaceutical,104.08,379.17,37.16,1685.30,125.73,753.24,53.84,4826.32,4.00,58.63
343,Automotive,101.31,134.34,26.55,3358.77,698.96,546.18,56.83,2787.11,7.00,51.25
344,Pharmaceutical,122.56,436.18,4.35,2827.23,935.94,661.28,18.84,1581.82,12.00,36.44
345,Apparel,166.69,418.58,19.18,1779.38,596.88,426.46,76.20,777.30,12.00,70.97
346,Apparel,76.08,293.36,46.12,759.42,169.81,353.17,19.28,3576.94,5.00,38.94
347,Automotive,138.82,369.61,29.64,562.65,602.64,175.88,64.23,3295.31,5.00,55.59
348,Electronics,117.49,191.46,27.38,4174.44,778.03,713.15,28.54,1994.91,13.00,35.99
349,Apparel,60.74,262.03,14.17,4600.15,436.10,648.21,75.35,4764.52,1.00,69.39
350,Food,176.94,419.74,19.05,3283.96,885.85,217.68,60.40,306.57,8.00,55.39
351,Apparel,161.51,256.67,44.87,606.83,666.25,458.58,62.77,1657.87,13.00,50.13
352,Apparel,135.11,211.01,33.66,2069.93,904.29,441.16,25.33,4621.13,4.00,22.83
353,Electronics,171.61,272.40,39.58,3671.80,642.33,537.56,41.01,1740.49,10.00,41.92
354,Pharmaceutical,174.79,422.71,23.26,3921.12,174.72,762.33,53.25,1410.81,5.00,69.25
355,Apparel,144.59,200.84,31.88,679.27,344.21,505.84,63.90,2764.26,2.00,63.34
356,Automotive,169.03,128.19,13.17,100.15,241.71,478.15,17.28,4154.25,12.00,47.81
357,Pharmaceutical,142.52,370.41,35.57,3589.47,913.39,135.23,77.37,695.10,13.00,55.66
358,Food,139.23,421.69,21.95,1847.32,772.38,144.04,72.32,4726.50,1.00,54.75
359,Electronics,127.54,95.29,22.68,1346.96,692.58,231.14,28.92,4016.35,9.00,36.58
360,Food,153.02,157.94,32.82,163.20,335.92,122.73,67.59,1070.00,2.00,68.45
361,Pharmaceutical,40.13,113.89,46.88,2747.47,224.84,620.35,46.28,3617.64,6.00,50.41
362,Pharmaceutical,177.37,206.57,4.14,4270.64,768.63,606.33,42.33,2047.80,1.00,52.35
363,Pharmaceutical,175.65,252.66,41.41,4792.40,500.45,195.24,32.01,2131.01,1.00,40.16
364,Food,15.56,386.97,15.33,2872.15,264.50,685.26,50.67,3959.79,9.00,63.35
365,Pharmaceutical,166.91,343.02,22.75,2620.86,635.79,208.35,61.09,4821.37,4.00,52.73
366,Food,34.49,329.42,2.07,516.78,88.32,310.82,38.77,807.95,9.00,74.29
367,Pharmaceutical,73.67,208.57,15.75,2789.48,359.86,274.28,54.05,2219.03,11.00,65.49
368,Automotive,151.27,428.65,25.63,1961.90,495.13,360.61,58.95,2508.52,5.00,59.35
369,Pharmaceutical,40.54,262.08,3.75,3074.96,190.56,278.26,59.78,2006.30,7.00,78.66
370,Food,165.41,490.60,25.06,2004.76,985.42,442.27,13.64,1943.31,1.00,23.34
371,Apparel,168.11,335.36,46.43,1277.47,248.64,385.19,70.18,450.89,6.00,68.16
372,Pharmaceutical,106.42,106.82,6.16,565.33,173.84,790.60,42.08,3490.59,8.00,66.38
373,Apparel,11.21,354.28,38.46,1643.10,243.36,139.15,28.37,2293.83,14.00,46.91
374,Automotive,64.54,196.30,21.07,573.56,780.61,199.53,26.92,1135.01,1.00,39.34
375,Electronics,127.22,358.85,33.10,966.80,454.23,136.98,43.81,4116.96,9.00,46.80
376,Automotive,196.43,81.34,13.75,4937.95,587.15,538.09,72.08,4052.29,3.00,64.82
377,Pharmaceutical,130.04,128.70,8.82,2276.11,69.96,138.16,36.48,2534.68,1.00,67.55
378,Apparel,59.36,435.08,8.86,2706.17,82.71,685.51,62.48,1632.56,1.00,81.95
379,Apparel,130.46,152.23,4.45,4380.73,473.53,458.36,16.78,3262.85,13.00,45.88
380,Food,112.60,426.67,10.10,4978.29,825.82,468.91,43.32,1583.13,14.00,49.68
381,Apparel,158.17,175.67,33.55,2955.30,890.98,493.12,79.42,1332.84,11.00,56.90
382,Food,30.33,339.30,44.20,4081.12,132.37,219.57,63.93,3706.47,6.00,62.90
383,Electronics,154.60,362.37,40.89,1702.01,561.44,238.38,24.74,393.56,11.00,38.38
384,Pharmaceutical,112.84,280.69,34.57,1598.15,917.57,323.17,45.10,654.89,6.00,39.88
385,Food,192.97,187.39,6.41,2073.25,418.57,515.45,26.35,232.58,1.00,57.59
386,Electronics,74.96,145.69,15.17,3395.29,838.09,247.08,38.67,934.13,14.00,46.26
387,Apparel,130.20,64.94,16.18,3442.74,177.01,181.43,64.61,531.15,14.00,79.46
388,Apparel,187.09,186.78,13.25,1644.67,938.62,779.08,63.99,4979.85,3.00,48.58
389,Electronics,29.48,343.92,26.24,752.73,763.85,115.39,25.97,1586.29,7.00,36.40
390,Apparel,188.07,472.24,27.24,3198.74,944.27,661.89,74.56,916.49,10.00,56.22
391,Electronics,140.70,442.04,18.49,728.80,692.79,651.62,51.48,1356.78,3.00,54.85
392,Food,22.89,394.73,18.34,2934.61,395.23,308.05,36.59,4693.40,3.00,49.72
393,Food,67.18,404.80,41.60,3497.77,941.27,194.94,45.14,2696.77,3.00,32.30
394,Electronics,144.55,349.24,39.68,3533.00,311.79,201.94,52.35,1951.13,12.00,57.05
395,Food,22.80,167.13,16.08,3792.01,365.56,588.20,49.19,4392.28,7.00,58.41
396,Food,120.61,458.24,45.78,4377.01,715.77,549.96,44.05,2095.95,4.00,38.05
397,Food,75.72,351.83,47.69,2549.80,777.05,647.92,45.35,1808.04,4.00,36.67
398,Automotive,127.97,302.20,17.01,3678.22,932.93,756.24,22.35,1194.96,3.00,33.99
399,Pharmaceutical,18.69,99.95,18.37,3133.95,244.56,584.35,66.89,2013.42,10.00,74.74
400,Apparel,175.59,251.17,25.78,1014.54,808.10,209.10,47.92,1720.08,11.00,45.97
401,Automotive,194.96,257.16,47.11,225.88,751.62,270.41,19.18,3451.06,9.00,21.29
402,Food,194.09,439.05,43.94,1494.25,110.60,689.54,63.63,1590.00,2.00,67.74
403,Electronics,152.43,295.99,6.03,2270.87,417.86,246.51,75.27,2970.56,4.00,76.75
404,Food,34.72,221.18,20.24,3123.82,318.63,150.77,76.31,516.28,8.00,79.47
405,Pharmaceutical,154.07,489.56,28.12,4264.80,339.27,592.30,35.83,1118.19,6.00,54.26
406,Food,14.67,99.82,25.65,1061.60,983.80,381.77,19.49,2155.55,14.00,25.66
407,Electronics,14.20,240.15,10.50,715.19,660.64,744.03,46.29,4697.36,7.00,49.73
408,Pharmaceutical,71.49,68.91,43.08,4821.05,731.79,555.18,17.88,2010.81,13.00,25.73
409,Food,102.84,382.96,34.17,629.42,977.79,163.29,75.38,3387.56,7.00,47.91
410,Pharmaceutical,156.38,463.13,42.06,2444.61,408.34,763.50,22.85,1424.42,2.00,39.50
411,Apparel,139.83,176.02,43.08,2969.26,811.75,280.99,27.69,809.76,4.00,30.64
412,Apparel,94.72,436.25,37.67,2752.73,462.80,336.05,38.46,480.98,10.00,49.32
413,Food,61.99,181.50,22.52,521.56,876.06,381.58,36.82,1665.98,10.00,39.79
414,Pharmaceutical,199.45,459.85,30.92,379.43,221.62,135.86,65.63,956.77,6.00,71.88
415,Electronics,90.97,389.28,8.86,616.87,950.30,447.56,41.94,1035.25,3.00,46.85
416,Food,95.76,412.21,34.01,2969.38,257.83,186.32,21.95,3851.64,9.00,41.94
417,Apparel,41.09,58.10,9.78,2767.29,359.91,380.68,28.70,276.02,13.00,59.09
418,Apparel,161.01,483.26,35.00,1245.33,768.38,345.50,45.64,2877.49,4.00,40.01
419,Food,141.80,377.00,12.25,3225.09,424.07,640.99,20.32,2021.41,10.00,48.50
420,Pharmaceutical,51.95,187.14,6.76,4118.33,627.80,662.22,52.82,2631.44,13.00,59.61
421,Apparel,25.65,423.23,9.10,303.74,472.34,207.39,49.60,2901.59,2.00,61.19
422,Pharmaceutical,139.29,176.68,1.10,2540.84,755.25,356.59,60.03,1704.16,6.00,63.51
423,Apparel,134.36,442.74,36.22,3477.62,266.91,361.35,75.64,1616.52,1.00,72.09
424,Apparel,61.92,100.66,36.89,1336.33,105.54,205.99,73.86,3720.33,6.00,71.57
425,Automotive,190.66,366.66,26.23,1608.08,334.93,658.92,76.23,4382.13,13.00,68.81
426,Apparel,38.70,293.31,8.91,3106.83,500.59,595.06,27.13,1124.39,12.00,52.74
427,Electronics,92.14,93.44,5.09,4499.88,209.62,233.27,19.21,668.57,10.00,59.94
428,Food,189.29,158.85,1.94,4068.63,387.06,356.71,31.16,4509.42,1.00,54.17
429,Food,89.75,55.58,9.12,2957.34,429.98,174.06,72.66,1879.50,14.00,76.02
430,Pharmaceutical,131.32,260.95,44.65,3678.09,104.52,539.74,78.04,2846.32,8.00,72.33
431,Apparel,85.54,185.57,12.84,1887.63,604.14,184.96,70.15,1925.81,5.00,67.97
432,Electronics,62.10,319.26,18.36,3240.73,890.13,790.15,17.70,803.85,6.00,33.20
433,Pharmaceutical,196.96,183.76,6.16,2384.29,194.16,646.48,76.32,3028.79,2.00,83.81
434,Automotive,87.77,184.96,11.90,1030.69,617.92,373.17,39.64,2720.68,2.00,51.08
435,Pharmaceutical,179.88,384.44,26.44,3538.52,681.50,504.99,10.65,1174.37,12.00,31.96
436,Pharmaceutical,53.69,71.66,30.78,2826.68,448.37,737.94,40.97,2368.97,9.00,49.98
437,Apparel,50.49,456.30,13.02,1857.25,716.04,487.87,13.22,4025.35,3.00,31.87
438,Automotive,15.92,433.52,3.83,4565.56,440.19,222.15,48.07,3034.05,6.00,63.23
439,Pharmaceutical,133.82,350.51,20.16,202.58,529.41,365.09,33.70,665.20,10.00,51.57
440,Electronics,80.02,316.95,12.48,1647.29,56.99,690.20,43.14,2830.50,5.00,69.21
441,Electronics,174.23,451.54,11.76,378.72,707.13,550.95,52.92,3573.14,14.00,53.40
442,Food,99.91,133.40,48.03,3855.98,678.28,555.51,70.82,4004.98,12.00,47.84
443,Automotive,193.96,85.54,31.20,3540.33,86.48,706.78,56.33,3219.76,4.00,66.65
444,Automotive,45.25,157.78,28.29,1723.63,399.84,725.78,40.38,932.76,10.00,55.02
445,Food,175.04,407.56,21.37,3410.75,980.08,743.85,67.36,3608.83,2.00,48.51
446,Pharmaceutical,157.55,65.60,22.02,2040.09,449.70,166.39,73.39,3451.24,8.00,67.49
447,Automotive,156.48,312.26,27.50,3805.64,526.85,480.89,18.38,317.25,10.00,41.75
448,Electronics,170.51,497.95,35.13,2325.50,914.43,618.36,47.24,2176.39,7.00,37.78
449,Electronics,154.59,435.06,35.41,2120.17,731.40,629.85,29.92,1798.16,11.00,35.26
450,Apparel,128.98,284.65,9.41,4680.18,602.97,524.70,13.29,3413.18,2.00,37.97
451,Automotive,34.94,78.64,25.51,1329.31,807.91,216.75,56.80,1237.45,6.00,51.48
452,Pharmaceutical,16.18,424.12,21.19,690.19,871.15,658.19,70.39,3036.19,14.00,54.52
453,Food,184.96,319.54,43.66,2964.26,484.04,604.08,21.40,4583.39,8.00,29.55
454,Food,127.16,101.72,31.94,4849.68,501.35,160.30,66.87,4029.45,7.00,57.56
455,Pharmaceutical,161.34,92.24,27.09,1951.41,416.75,424.67,69.74,4623.00,1.00,62.28
456,Apparel,101.49,459.33,6.65,403.98,968.37,221.78,74.00,4896.83,5.00,55.50
457,Food,32.29,351.14,30.68,1762.60,712.31,336.23,28.57,251.22,2.00,40.14
458,Automotive,33.79,423.18,6.74,2579.07,129.06,112.66,73.28,3189.16,6.00,83.69
459,Apparel,140.26,445.54,17.52,893.42,869.81,380.23,32.45,2181.63,7.00,38.76
460,Automotive,91.76,307.30,8.00,3324.70,506.53,484.91,48.66,4327.30,14.00,57.28
461,Electronics,48.10,282.85,34.91,4988.97,115.32,533.71,13.54,1408.71,14.00,46.53
462,Apparel,103.40,243.69,11.11,2313.52,572.23,564.44,13.07,4908.94,7.00,35.11
463,Food,22.20,192.63,20.20,1838.17,446.31,685.40,60.43,3145.80,3.00,62.45
464,Apparel,120.57,245.57,44.89,2063.45,883.86,250.82,41.11,4008.98,7.00,28.07
465,Apparel,61.11,398.25,11.01,664.22,243.79,184.34,27.94,610.88,5.00,61.03
466,Apparel,161.54,320.87,25.88,4428.04,835.14,696.08,23.33,1080.60,8.00,34.10
467,Apparel,68.97,451.64,21.54,2132.65,579.80,209.63,56.90,3840.34,12.00,54.76
468,Automotive,96.49,249.52,1.89,1997.64,101.88,782.33,10.03,305.54,8.00,60.59
469,Electronics,12.21,323.19,39.85,3332.48,973.25,689.78,66.41,4121.01,7.00,39.83
470,Pharmaceutical,23.76,334.09,4.38,2265.96,536.98,450.61,15.55,266.96,6.00,49.38
471,Apparel,84.57,316.26,24.24,3276.34,326.33,786.99,23.40,3354.17,2.00,45.51
472,Food,101.19,366.19,28.47,401.09,495.94,168.16,37.04,1952.45,6.00,48.35
473,Apparel,124.00,156.85,31.79,4087.24,864.96,312.15,43.94,3135.18,13.00,37.03
474,Food,65.42,280.56,34.74,4708.47,339.66,546.76,34.85,3540.95,12.00,46.26
475,Automotive,142.05,96.90,13.41,3278.95,233.04,345.00,32.45,1843.88,11.00,60.18
476,Food,173.42,223.03,1.49,4777.37,172.62,749.86,77.47,718.22,9.00,91.53
477,Pharmaceutical,158.17,269.45,36.45,842.02,332.97,145.94,54.91,534.30,2.00,61.82
478,Electronics,17.53,343.50,27.25,2439.34,791.05,484.59,11.64,3026.89,1.00,25.14
479,Food,101.30,477.74,41.97,3048.85,498.05,513.61,40.11,2699.15,11.00,42.93
480,Food,29.94,320.29,41.25,2950.51,266.11,556.91,71.25,3762.56,13.00,63.62
481,Electronics,55.99,384.62,42.32,2067.16,207.88,278.97,31.10,2646.73,5.00,47.09
482,Pharmaceutical,197.47,277.82,24.77,1756.61,366.09,355.20,16.62,2227.74,11.00,42.96
483,Apparel,37.07,335.35,17.35,721.44,942.93,690.58,63.09,2110.82,6.00,52.09
484,Food,104.79,81.92,39.79,2019.54,375.88,236.46,52.42,326.95,3.00,58.37
485,Electronics,127.45,164.48,23.11,897.04,988.72,678.81,49.92,1810.67,8.00,42.43
486,Automotive,143.47,212.83,9.99,3698.39,510.97,493.86,13.75,4884.90,7.00,37.78
487,Electronics,116.33,262.62,42.89,1123.27,220.21,633.53,19.83,4393.07,2.00,37.37
488,Automotive,11.86,70.54,44.25,386.97,896.58,599.53,53.58,1781.01,12.00,38.63
489,Pharmaceutical,72.03,113.01,23.85,2806.59,487.34,245.26,24.55,3021.42,7.00,42.07
490,Apparel,108.37,174.57,4.71,3016.63,724.19,498.17,45.28,4267.02,1.00,50.50
491,Electronics,26.69,487.19,20.00,4372.37,984.53,707.41,48.14,2318.12,9.00,41.90
492,Food,76.62,199.11,40.37,2927.21,97.67,402.48,29.85,286.20,13.00,55.27
493,Pharmaceutical,16.31,266.92,45.19,1792.86,141.86,776.61,76.39,557.65,7.00,74.75
494,Electronics,24.93,138.24,10.97,4034.76,734.43,416.55,68.97,2649.89,6.00,62.77
495,Food,85.42,324.85,4.28,2747.37,317.73,199.95,60.57,4853.31,13.00,69.33
496,Electronics,35.22,176.31,43.99,488.47,225.09,372.60,15.46,3527.41,2.00,36.33
497,Automotive,117.83,143.15,20.08,2872.67,87.39,766.19,17.43,540.40,3.00,56.98
498,Electronics,141.00,282.46,27.55,4549.29,70.75,323.80,44.49,1108.93,1.00,66.89
499,Electronics,162.11,52.48,48.44,2041.93,785.76,707.67,21.25,3902.35,10.00,19.87
500,Electronics,48.03,53.45,4.26,1552.00,177.71,716.88,78.48,4238.91,13.00,83.73
501,Pharmaceutical,41.82,148.58,32.77,803.00,494.33,345.13,21.10,3164.93,5.00,36.28
502,Electronics,29.87,66.52,4.63,842.08,625.60,158.28,44.12,3293.23,9.00,54.85
503,Food,130.92,98.61,19.40,2220.58,456.93,607.19,35.49,336.02,13.00,55.60
504,Automotive,144.23,202.49,40.39,3018.83,75.75,318.06,54.76,4176.95,6.00,60.60
505,Automotive,16.00,411.16,22.24,495.02,794.33,648.05,19.03,3983.72,5.00,28.82
506,Electronics,187.88,307.42,49.86,4703.89,59.99,409.86,40.12,1443.37,12.00,55.43
507,Pharmaceutical,19.87,280.70,28.39,3800.15,773.80,439.69,29.23,3601.65,3.00,32.84
508,Pharmaceutical,112.85,182.07,16.74,2974.46,898.64,644.54,72.14,1231.30,5.00,59.95
509,Food,144.72,469.29,11.79,4159.35,461.20,367.65,12.84,393.58,8.00,47.08
510,Electronics,175.48,228.66,18.18,492.92,558.77,410.19,73.96,1165.46,12.00,70.62
511,Automotive,145.68,89.19,19.25,2436.51,503.13,363.33,68.31,1057.42,2.00,69.24
512,Pharmaceutical,162.33,327.68,4.37,3187.46,419.75,357.14,30.83,1821.19,5.00,57.43
513,Electronics,74.50,101.23,19.11,4160.40,893.05,468.16,65.25,2208.56,6.00,53.77
514,Pharmaceutical,164.82,205.35,23.75,3939.00,899.24,666.16,12.18,2640.99,10.00,24.33
515,Pharmaceutical,25.22,278.34,36.41,1457.64,369.03,353.24,77.68,2488.42,8.00,68.23
516,Automotive,180.02,443.40,33.18,4710.31,634.32,466.98,46.86,1499.24,8.00,48.13
517,Apparel,114.04,272.10,35.73,709.29,930.56,569.51,31.23,340.02,5.00,32.73
518,Food,165.29,366.02,1.41,4388.15,963.96,288.61,35.38,3104.49,9.00,42.00
519,Food,95.94,496.77,11.67,4857.61,533.51,294.27,14.65,2099.58,4.00,42.45
520,Automotive,132.28,109.17,33.42,968.05,480.18,753.39,79.25,1633.63,12.00,68.59
521,Pharmaceutical,110.02,173.63,24.72,3638.12,314.76,606.47,12.75,4361.32,9.00,38.32
522,Electronics,149.00,227.56,1.26,297.40,960.93,504.03,55.84,3784.37,11.00,51.02
523,Pharmaceutical,25.51,239.82,40.42,2086.57,185.67,553.40,40.99,4317.27,7.00,50.12
524,Automotive,21.47,234.96,38.87,2629.79,600.84,120.51,76.42,2575.92,6.00,59.49
525,Food,56.95,458.42,27.87,2945.16,318.42,532.67,27.22,828.47,4.00,51.25
526,Pharmaceutical,40.31,371.31,4.26,4686.09,315.06,456.66,47.25,3541.86,2.00,65.38
527,Food,175.64,323.56,38.56,3394.03,434.72,482.02,43.76,1189.15,8.00,51.04
528,Electronics,51.65,189.22,29.60,2458.26,998.85,351.60,59.20,2317.90,6.00,43.16
529,Food,195.41,420.71,39.32,4067.41,102.22,157.03,14.76,512.00,12.00,47.56
530,Food,74.01,479.78,37.84,4757.61,599.61,235.34,23.57,4161.48,3.00,30.34
531,Apparel,44.60,419.54,40.35,208.12,128.44,765.52,25.02,804.52,7.00,50.91
532,Apparel,160.04,50.70,26.38,4914.35,196.79,386.09,61.67,4534.87,10.00,65.31
533,Apparel,135.15,336.38,7.88,522.05,467.58,426.68,23.24,4348.31,7.00,45.75
534,Food,104.66,73.01,33.89,4090.50,534.94,136.90,50.14,2430.00,6.00,50.61
535,Automotive,115.52,165.92,31.40,1473.64,295.85,126.30,25.07,3772.97,2.00,43.55
536,Food,146.65,76.79,37.37,747.68,350.63,602.03,70.31,3173.34,8.00,63.34
537,Automotive,53.41,321.71,9.32,2255.29,132.62,476.67,75.95,4054.76,1.00,82.16
538,Automotive,199.30,358.97,10.55,3255.39,338.06,456.09,46.29,2272.66,13.00,64.24
539,Apparel,195.21,101.52,44.63,1966.66,968.23,270.19,34.66,3971.88,1.00,22.49
540,Pharmaceutical,133.56,222.73,37.75,367.37,947.47,621.33,26.38,2419.79,6.00,24.83
541,Electronics,47.91,255.31,45.50,3037.36,368.13,217.77,13.48,4716.64,5.00,28.06
542,Apparel,139.24,216.07,38.18,4521.78,592.31,232.95,28.80,2534.59,9.00,36.29
543,Apparel,23.72,104.46,30.26,1977.76,914.12,422.50,55.80,2420.57,13.00,43.53
544,Pharmaceutical,15.82,238.53,33.05,1160.03,55.87,300.40,47.35,3968.34,12.00,60.84
545,Electronics,58.96,388.03,44.57,2268.63,820.15,273.22,76.08,4143.57,7.00,47.32
546,Food,97.90,81.95,29.36,336.98,950.95,551.67,37.74,2861.55,2.00,32.87
547,Food,174.97,86.08,31.99,4120.39,136.76,555.68,58.57,1063.03,13.00,70.26
548,Apparel,148.16,209.65,8.67,4149.07,203.38,677.16,44.25,2445.24,12.00,67.67
549,Electronics,151.11,473.78,24.22,2981.20,962.71,392.40,45.88,4846.75,7.00,34.68
550,Apparel,90.84,350.86,36.10,1830.20,560.66,151.16,28.74,3814.33,3.00,35.48
551,Automotive,75.73,355.40,14.28,4018.94,63.49,291.57,41.85,4093.58,1.00,65.12
552,Apparel,80.50,212.86,10.91,2817.97,294.75,786.00,42.95,357.56,11.00,67.56
553,Apparel,197.65,317.15,16.38,4147.07,477.45,517.38,59.46,2445.73,8.00,63.97
554,Food,17.62,54.56,12.83,3194.15,708.26,596.82,75.84,3303.78,14.00,64.93
555,Food,174.74,336.24,11.53,3943.59,746.50,105.15,33.05,4184.16,12.00,41.15
556,Food,119.95,460.98,21.82,3032.96,995.65,462.74,12.95,436.51,3.00,27.01
557,Automotive,93.34,325.66,45.48,2129.29,323.14,126.27,44.74,4291.71,11.00,45.90
558,Food,147.80,443.16,25.85,4793.93,561.31,498.46,48.11,2832.32,8.00,51.21
559,Electronics,102.47,375.79,10.21,2751.46,556.66,744.54,21.79,1147.11,7.00,47.82
560,Pharmaceutical,175.95,104.25,4.77,3064.94,435.36,777.89,63.23,1722.83,12.00,73.20
561,Electronics,181.13,456.10,35.11,1180.39,210.70,478.39,78.95,1553.26,2.00,76.00
562,Electronics,90.13,79.90,19.76,3165.69,978.58,420.74,76.20,2748.12,13.00,55.35
563,Food,62.60,290.29,41.27,2900.88,860.65,761.51,23.80,448.09,14.00,28.68
564,Pharmaceutical,122.55,113.96,33.32,1005.71,523.42,571.53,71.28,960.97,14.00,64.69
565,Pharmaceutical,183.35,55.27,40.02,391.98,623.08,145.43,59.31,4100.93,1.00,46.76
566,Pharmaceutical,50.03,239.92,14.33,3061.36,265.90,426.01,41.77,836.50,7.00,65.50
567,Automotive,128.36,182.77,34.93,3842.09,566.60,268.17,47.84,1320.30,13.00,50.31
568,Food,130.00,268.70,13.94,2664.67,710.22,428.86,69.47,2376.18,1.00,63.10
569,Pharmaceutical,149.29,309.74,47.01,1211.19,539.41,418.83,43.61,2682.18,6.00,41.45
570,Automotive,35.00,69.68,32.18,3365.96,990.77,507.50,36.12,3865.33,13.00,27.74
571,Apparel,146.01,105.35,16.90,492.52,630.77,349.74,44.53,2347.20,11.00,51.89
572,Apparel,182.72,301.39,14.21,2264.99,402.43,214.99,50.54,3991.35,10.00,59.53
573,Automotive,44.14,204.43,10.36,900.50,783.54,452.60,23.24,3168.06,11.00,37.63
574,Automotive,55.13,378.13,35.04,1003.85,211.94,681.14,73.06,742.88,10.00,74.67
575,Food,194.57,343.53,11.72,1091.24,415.29,564.81,57.19,950.39,8.00,69.55
576,Food,44.39,430.52,30.17,1994.86,379.61,336.86,54.33,2297.76,7.00,59.11
577,Apparel,172.33,361.62,13.97,350.64,460.22,754.87,16.96,2105.07,4.00,44.88
578,Pharmaceutical,103.53,243.47,33.44,2049.19,792.69,738.55,52.29,3769.01,1.00,41.45
579,Apparel,56.97,352.83,40.93,2607.37,509.96,246.54,18.47,2987.54,1.00,31.59
580,Pharmaceutical,175.44,173.92,39.12,2468.14,804.31,127.59,15.51,2063.04,4.00,23.85
581,Pharmaceutical,94.61,187.84,38.28,1975.64,597.66,618.92,46.91,1019.65,5.00,48.17
582,Food,107.82,405.04,10.20,4211.82,374.97,679.33,38.19,1288.82,12.00,61.19
583,Electronics,78.25,250.89,5.33,812.10,819.48,777.51,51.22,2962.40,7.00,52.97
584,Electronics,122.66,409.27,35.25,2577.91,276.38,722.89,16.25,2232.51,14.00,41.27
585,Automotive,41.07,420.09,19.05,404.00,263.16,520.37,40.17,2671.65,4.00,59.23
586,Food,84.31,435.90,22.18,448.66,529.28,471.04,22.24,1019.25,10.00,44.33
587,Pharmaceutical,194.19,462.49,2.53,2911.94,297.81,119.49,79.10,3381.95,14.00,82.84
588,Electronics,59.05,243.94,13.72,2873.49,58.63,272.66,49.28,4292.19,12.00,68.81
589,Pharmaceutical,134.78,193.49,2.65,4402.36,665.88,421.73,58.12,1438.11,1.00,65.15
590,Electronics,71.79,311.99,44.08,2833.58,535.54,539.95,32.78,2559.27,11.00,37.57
591,Electronics,156.96,217.03,12.93,4802.98,473.24,490.08,16.63,4882.53,10.00,39.18
592,Electronics,34.87,320.48,28.31,338.60,968.62,619.85,78.31,1799.56,7.00,55.17
593,Food,194.27,367.51,2.91,580.24,592.64,295.84,30.04,3056.22,2.00,49.96
594,Apparel,96.22,359.78,33.68,315.92,870.26,495.47,39.67,632.94,13.00,38.99
595,Pharmaceutical,54.85,218.55,16.83,1007.86,182.48,161.70,55.49,3108.87,11.00,69.32
596,Food,23.96,125.09,45.00,2752.22,590.75,389.57,11.73,630.23,2.00,28.88
597,Food,42.25,243.74,44.52,3263.30,874.58,625.11,66.72,4804.33,8.00,39.71
598,Food,108.76,114.17,16.94,323.37,603.95,585.38,47.56,3635.18,12.00,51.62
599,Food,74.03,450.54,45.15,4735.26,732.11,793.45,29.48,3983.17,10.00,26.75
600,Food,167.49,205.64,49.81,4226.61,403.44,294.52,14.31,3579.70,10.00,27.97
601,Automotive,91.87,119.51,41.45,1553.40,137.83,448.73,21.37,3030.70,10.00,43.91
602,Pharmaceutical,57.26,61.45,42.40,478.22,485.01,330.67,72.65,2359.58,5.00,60.10
603,Food,127.26,340.62,13.20,932.45,424.76,408.42,58.02,4320.19,10.00,62.35
604,Pharmaceutical,144.29,336.61,29.26,722.03,873.71,699.87,27.49,4792.81,2.00,26.25
605,Automotive,41.74,203.27,4.30,704.09,281.80,578.95,14.59,2595.37,5.00,51.93
606,Automotive,41.85,82.27,5.65,2640.95,968.40,717.71,58.34,4671.37,8.00,48.52
607,Pharmaceutical,16.97,234.33,49.95,1304.65,960.23,242.46,50.07,3000.00,6.00,30.25
608,Electronics,149.92,190.05,17.01,1854.88,285.25,711.35,38.32,2784.24,3.00,58.23
609,Apparel,136.12,354.70,37.66,4948.58,380.65,141.83,35.45,2381.52,8.00,46.48
610,Electronics,100.18,322.60,40.53,3453.14,900.78,722.02,25.18,1204.58,14.00,26.95
611,Electronics,170.39,214.07,43.04,4750.01,968.29,330.35,56.87,217.85,9.00,41.73
612,Electronics,163.08,148.05,49.88,798.53,471.27,320.21,77.95,1359.23,5.00,62.16
613,Food,121.22,494.62,12.83,1972.48,354.95,458.46,22.30,2646.67,13.00,50.07
614,Automotive,174.97,254.30,2.98,2818.19,549.79,758.48,51.80,2023.81,2.00,64.17
615,Electronics,49.11,359.72,21.15,476.11,703.38,133.45,39.69,2352.73,2.00,45.58
616,Automotive,31.26,113.25,7.37,120.52,309.80,346.56,41.27,4907.11,7.00,58.58
617,Pharmaceutical,61.25,268.52,2.10,3385.13,749.65,699.60,27.79,1881.31,1.00,46.80
618,Apparel,20.85,62.39,18.66,3244.92,99.07,377.24,67.76,2370.48,10.00,78.70
619,Pharmaceutical,110.92,277.45,39.40,2112.87,96.83,239.41,43.97,840.87,12.00,61.64
620,Pharmaceutical,187.96,483.81,28.74,2499.26,416.97,397.36,48.04,430.20,2.00,59.15
621,Food,17.48,222.89,16.33,2135.67,385.80,369.89,31.33,3921.97,10.00,49.72
622,Apparel,33.20,67.55,33.06,217.62,349.85,740.79,22.73,2939.28,4.00,41.76
623,Pharmaceutical,95.92,63.93,12.37,1743.32,516.47,633.35,16.01,3851.38,1.00,39.86
624,Pharmaceutical,187.44,224.59,1.70,967.70,354.70,453.58,59.99,919.34,4.00,76.83
625,Apparel,70.07,122.01,38.45,582.28,232.65,791.86,23.74,2944.78,13.00,43.62
626,Apparel,106.37,60.51,31.56,4787.93,344.00,425.69,58.31,1417.48,12.00,63.37
627,Pharmaceutical,17.90,390.30,38.35,3036.86,976.16,140.77,37.33,1294.70,11.00,31.45
628,Apparel,38.19,256.34,2.91,3670.42,440.56,283.59,39.10,255.32,13.00,64.66
629,Pharmaceutical,197.46,180.16,42.02,1645.28,472.48,405.25,42.84,825.64,10.00,48.79
630,Pharmaceutical,193.37,455.04,31.36,2026.42,597.72,209.83,35.74,1684.49,5.00,44.03
631,Food,10.94,102.26,28.61,1260.93,984.17,763.30,17.04,761.02,9.00,26.03
632,Electronics,190.84,480.16,31.61,575.13,279.52,636.79,31.67,4932.12,1.00,44.94
633,Pharmaceutical,131.43,191.29,43.36,977.26,697.22,287.80,56.46,1681.44,12.00,46.61
634,Automotive,174.90,449.78,29.76,4007.82,730.19,513.56,56.60,825.55,5.00,52.84
635,Electronics,96.40,321.32,29.47,3419.97,626.96,605.01,30.04,1155.60,2.00,42.11
636,Electronics,107.96,422.02,49.54,2779.95,134.15,758.90,42.21,3020.98,9.00,51.22
637,Electronics,102.88,492.81,38.08,2427.94,693.03,717.14,23.54,507.41,6.00,34.73
638,Food,136.70,179.78,22.67,4619.93,110.89,460.63,24.73,4339.68,2.00,51.29
639,Pharmaceutical,36.53,482.51,35.66,456.40,616.34,642.26,11.61,4815.20,14.00,23.42
640,Food,15.69,225.27,20.07,1474.94,752.60,493.50,72.77,1384.39,3.00,63.01
641,Pharmaceutical,68.51,223.48,12.21,1814.70,250.42,486.89,24.75,2360.46,14.00,55.26
642,Food,143.89,203.17,30.25,3933.89,849.54,180.32,25.93,306.25,8.00,34.77
643,Food,48.35,293.63,46.48,4963.32,78.84,188.30,29.57,3275.41,1.00,47.28
644,Automotive,137.95,119.37,46.53,1279.29,851.62,470.67,18.92,2186.85,12.00,20.93
645,Food,194.28,299.17,17.75,4384.11,487.31,288.20,54.75,1496.28,3.00,62.66
646,Apparel,27.84,293.77,26.86,4170.05,256.71,114.73,15.26,1192.82,13.00,46.80
647,Automotive,137.79,392.86,11.37,1200.82,177.09,605.99,19.39,3339.31,10.00,53.16
648,Food,94.31,425.14,49.79,2056.73,955.64,122.74,55.13,2197.84,1.00,34.59
649,Electronics,174.95,248.20,49.07,2107.40,119.03,516.69,33.78,1062.36,11.00,51.56
650,Apparel,43.66,186.05,32.83,4893.28,239.14,477.44,59.56,3507.72,11.00,62.46
651,Apparel,141.60,166.70,40.42,986.37,380.43,778.17,49.02,2912.35,8.00,51.11
652,Apparel,169.24,137.58,36.04,4015.87,639.22,438.95,27.92,4321.63,1.00,31.72
653,Automotive,189.48,75.94,30.06,1737.54,567.56,144.52,55.56,763.88,13.00,57.20
654,Food,139.82,204.10,3.61,3681.26,169.36,486.18,18.14,3971.20,5.00,54.60
655,Food,104.46,171.61,23.28,2158.05,325.24,688.77,47.55,3432.88,4.00,57.84
656,Electronics,127.39,484.89,34.06,2933.96,276.81,797.79,40.60,752.05,7.00,56.87
657,Electronics,175.09,300.97,34.20,4179.80,252.87,401.24,28.75,3535.14,14.00,46.04
658,Apparel,118.42,206.27,19.28,4040.41,440.59,324.21,52.28,2319.43,5.00,60.57
659,Electronics,15.77,311.21,47.14,4345.47,718.83,734.66,70.99,4735.93,8.00,45.60
660,Automotive,186.88,112.64,9.20,392.12,256.58,233.87,79.92,879.73,12.00,86.82
661,Food,141.01,249.82,25.52,3491.05,398.34,530.80,52.54,3285.60,14.00,57.54
662,Apparel,138.54,331.81,34.85,785.94,421.37,384.00,38.33,2033.50,11.00,48.52
663,Electronics,50.98,270.00,35.16,2137.51,977.63,128.76,25.76,4792.71,1.00,19.90
664,Automotive,135.19,230.80,32.78,2788.08,956.93,343.10,28.00,1783.88,5.00,28.61
665,Automotive,84.83,497.23,14.49,2073.42,810.13,285.66,43.56,4818.49,4.00,42.04
666,Electronics,133.73,446.14,8.65,2646.10,279.58,580.26,35.71,4527.13,3.00,56.95
667,Food,30.25,330.53,32.16,4982.98,114.64,764.15,73.97,1497.84,5.00,77.68
668,Electronics,134.99,306.22,30.37,762.56,351.06,287.63,35.78,4057.00,10.00,47.10
669,Apparel,199.89,329.30,9.79,3409.73,303.45,668.03,36.14,4978.90,3.00,55.09
670,Electronics,19.16,140.59,35.55,2040.40,530.63,138.75,36.85,1412.78,8.00,45.46
671,Automotive,195.66,227.81,23.30,751.75,788.84,476.68,68.56,2296.53,13.00,56.70
672,Electronics,87.31,67.76,33.72,877.81,865.41,149.39,55.56,2696.87,3.00,42.93
673,Food,175.44,264.00,42.03,4751.44,852.62,753.82,52.99,1615.67,1.00,40.87
674,Pharmaceutical,158.65,294.36,9.32,4410.05,391.69,636.45,33.39,273.27,9.00,60.67
675,Electronics,117.73,152.49,1.94,4544.51,702.87,560.56,67.25,1256.62,9.00,69.25
676,Food,150.31,483.81,39.18,4958.51,347.19,676.73,12.69,1553.30,6.00,37.15
677,Food,176.92,459.25,30.88,1120.75,107.86,553.26,70.96,2329.28,10.00,75.23
678,Automotive,86.79,374.96,35.28,1841.65,716.49,778.26,45.89,1021.29,1.00,45.30
679,Food,72.14,290.02,42.07,3379.17,59.34,599.77,37.88,4391.62,8.00,51.55
680,Food,136.84,441.49,40.34,2470.63,438.72,747.26,44.80,3583.57,2.00,45.94
681,Food,163.49,108.79,48.09,2150.11,362.91,461.99,56.72,608.96,9.00,57.02
682,Food,154.83,405.73,27.26,1853.28,708.71,181.95,10.89,3320.44,14.00,26.64
683,Apparel,161.58,106.17,24.94,3009.53,777.93,469.72,71.01,3337.55,8.00,55.52
684,Apparel,92.76,407.39,20.69,2920.41,338.89,188.81,41.27,4789.86,3.00,52.61
685,Automotive,165.39,174.10,8.53,891.14,821.05,514.75,34.01,214.50,13.00,48.53
686,Electronics,32.84,444.69,29.06,2411.53,329.22,437.75,19.68,1390.08,5.00,45.56
687,Food,113.45,474.82,14.57,2812.01,474.01,535.80,40.76,4653.40,9.00,51.02
688,Electronics,11.09,116.96,46.14,2894.41,740.67,107.03,44.74,4674.24,13.00,32.35
689,Electronics,71.67,258.20,29.58,1129.53,708.27,236.39,38.26,3658.81,1.00,38.73
690,Automotive,79.63,491.44,30.05,3737.13,988.00,443.93,57.51,3875.66,9.00,39.34
691,Food,85.27,267.53,18.39,223.48,263.90,765.35,39.46,639.12,4.00,63.18
692,Food,142.14,438.60,3.55,1838.68,679.20,368.53,77.30,2666.60,4.00,71.52
693,Pharmaceutical,83.83,314.93,2.56,3923.04,629.20,397.06,51.95,1311.60,4.00,63.45
694,Electronics,95.25,218.90,21.74,2863.08,919.34,600.29,66.52,1069.85,10.00,54.84
695,Electronics,55.13,178.60,5.14,1379.70,198.54,522.65,17.65,4089.46,12.00,52.63
696,Apparel,80.92,141.45,30.74,3505.27,764.21,309.25,37.81,848.18,9.00,41.99
697,Pharmaceutical,53.18,392.81,44.17,2880.22,589.86,387.57,33.58,2449.53,14.00,36.53
698,Apparel,23.91,223.94,44.26,4001.59,310.93,252.39,49.86,4705.18,6.00,48.49
699,Apparel,124.66,280.07,33.29,3701.62,500.71,776.22,70.28,1091.99,11.00,64.62
700,Apparel,136.96,271.55,11.35,3089.53,367.09,191.44,15.48,4894.37,8.00,42.40
701,Automotive,127.70,309.78,43.29,2492.07,600.35,360.29,15.08,4972.58,12.00,22.27
702,Automotive,98.06,439.51,44.42,752.59,894.55,118.09,69.52,2866.96,14.00,44.42
703,Apparel,82.16,491.33,10.64,1380.53,590.84,255.25,24.90,1016.69,4.00,48.44
704,Pharmaceutical,174.03,233.41,37.13,2153.59,650.14,646.33,56.81,1717.30,3.00,50.61
705,Electronics,108.63,422.38,15.04,3036.57,542.81,240.82,48.00,2237.57,14.00,57.23
706,Pharmaceutical,101.04,394.04,40.33,2617.17,98.61,156.04,68.30,1684.76,1.00,71.69
707,Food,14.87,308.09,49.86,1512.10,271.22,432.12,18.76,1547.05,10.00,38.20
708,Automotive,74.84,480.22,2.47,131.68,517.40,106.98,19.08,4866.70,7.00,43.30
709,Electronics,82.24,140.21,44.97,2531.57,344.72,159.34,48.98,936.15,4.00,54.29
710,Electronics,85.78,99.17,31.51,1499.57,222.68,665.34,76.25,3719.97,14.00,71.40
711,Food,120.23,434.28,48.70,3699.58,528.93,640.03,39.05,201.97,8.00,43.77
712,Food,111.38,247.62,23.79,217.34,356.67,740.60,32.89,3061.68,14.00,50.11
713,Apparel,125.50,431.14,42.52,2965.66,295.20,698.16,52.47,4596.53,3.00,51.18
714,Automotive,155.33,451.89,4.06,4713.22,490.79,578.22,75.13,1582.08,1.00,78.06
715,Automotive,164.47,78.11,17.43,954.61,176.62,136.63,68.58,1090.52,5.00,79.84
716,Pharmaceutical,146.44,447.56,4.28,2411.08,931.36,647.99,79.68,3328.06,14.00,63.53
717,Apparel,191.55,251.74,48.79,547.97,874.32,691.86,11.58,3620.49,2.00,12.80
718,Apparel,13.46,279.69,41.03,3165.84,722.24,659.36,17.90,3502.55,3.00,23.87
719,Apparel,47.20,331.97,42.77,2797.61,150.90,455.94,52.66,1732.72,14.00,61.23
720,Apparel,11.44,466.87,46.96,2096.09,787.08,263.03,67.44,1410.57,6.00,48.50
721,Automotive,133.02,58.60,5.17,2654.75,817.56,691.73,29.97,4788.41,3.00,38.81
722,Automotive,180.63,264.58,19.89,4493.22,779.38,609.01,26.74,4631.84,3.00,32.77
723,Apparel,56.26,359.47,4.48,1061.84,158.27,786.53,65.09,2395.12,12.00,81.21
724,Pharmaceutical,186.14,375.22,11.33,210.57,661.71,208.98,13.95,4261.73,6.00,34.07
725,Electronics,21.45,361.64,12.24,4322.16,842.61,257.97,35.86,2371.15,5.00,43.01
726,Electronics,187.54,110.50,23.99,2927.87,598.49,248.26,45.41,2237.07,10.00,50.68
727,Pharmaceutical,76.81,184.73,14.16,4464.23,664.09,654.78,49.22,952.46,9.00,57.12
728,Apparel,29.27,211.42,5.95,3025.03,485.45,230.84,61.00,2246.75,1.00,69.07
729,Automotive,102.32,412.00,9.21,4069.79,552.27,146.66,34.84,2779.60,13.00,51.61
730,Electronics,58.79,175.44,8.22,2205.40,82.66,798.99,52.89,308.02,3.00,80.06
731,Food,64.13,144.82,48.68,3774.31,657.01,117.37,50.98,2331.74,3.00,41.64
732,Food,68.39,480.85,38.21,4573.90,127.37,684.67,48.33,3950.51,11.00,57.16
733,Pharmaceutical,162.57,53.99,48.42,2903.40,463.26,355.76,54.83,3464.22,6.00,47.22
734,Apparel,112.44,499.02,22.55,985.85,328.02,689.13,28.16,3248.75,8.00,48.72
735,Electronics,69.15,354.57,14.64,1417.11,568.16,488.23,15.93,4565.87,3.00,35.93
736,Apparel,125.96,422.81,40.12,1073.36,176.75,731.14,18.35,286.55,3.00,47.25
737,Electronics,146.07,182.58,16.99,1309.60,707.06,748.34,25.72,2873.83,6.00,39.11
738,Pharmaceutical,61.80,56.44,15.67,1601.44,805.26,106.37,45.01,3979.27,8.00,44.12
739,Pharmaceutical,88.57,382.04,12.39,2820.16,205.19,152.79,68.83,2798.41,6.00,77.71
740,Food,33.16,425.37,7.35,2981.16,149.10,275.25,59.09,1754.70,13.00,78.62
741,Apparel,44.42,383.21,13.57,2189.85,188.24,568.52,65.23,854.00,12.00,79.83
742,Food,139.41,114.28,18.41,3115.56,883.27,721.79,34.57,4460.30,14.00,34.50
743,Apparel,44.47,389.04,34.03,499.72,551.78,421.96,38.33,2459.66,10.00,44.08
744,Food,109.78,396.02,4.07,530.16,493.90,524.88,37.56,4414.95,3.00,53.51
745,Automotive,144.72,346.34,11.31,941.96,151.38,231.95,23.43,3012.09,4.00,56.62
746,Automotive,30.31,394.75,40.64,2638.58,667.08,663.48,14.29,3436.12,1.00,24.00
747,Automotive,117.79,430.66,8.20,1148.57,874.60,777.13,51.36,4060.45,13.00,48.04
748,Automotive,58.75,326.12,17.79,1488.09,836.78,288.02,79.25,3363.95,8.00,60.68
749,Electronics,192.96,89.87,43.37,2061.53,644.75,446.38,21.68,2110.66,4.00,29.93
750,Automotive,101.87,269.43,8.59,4078.14,121.51,160.28,13.27,2665.44,6.00,54.22
751,Pharmaceutical,163.14,84.94,5.05,167.92,156.78,491.40,64.57,4054.62,11.00,77.45
752,Pharmaceutical,114.54,233.39,24.74,3281.96,96.84,451.95,27.68,1993.52,3.00,57.05
753,Electronics,18.25,233.20,15.82,3377.50,294.61,201.11,68.08,2062.98,11.00,74.75
754,Automotive,130.30,79.70,28.61,4013.41,178.88,409.45,59.28,659.31,12.00,71.51
755,Automotive,190.77,206.97,40.39,4670.49,297.05,333.87,76.20,4590.01,11.00,63.85
756,Automotive,124.31,99.95,7.72,198.68,415.81,465.28,38.62,636.97,6.00,62.48
757,Food,165.65,413.71,29.45,853.54,945.83,509.96,56.34,3311.40,12.00,41.39
758,Apparel,178.00,476.46,25.77,4442.24,629.86,105.95,42.54,2183.33,11.00,47.70
759,Food,53.34,82.54,8.06,2346.74,843.23,632.70,54.14,2146.97,9.00,54.26
760,Apparel,50.29,479.80,31.58,2866.49,724.83,599.11,41.47,3461.85,9.00,39.44
761,Automotive,126.09,285.16,14.41,3348.83,156.88,356.40,23.20,522.05,10.00,60.09
762,Automotive,88.10,184.80,24.90,3427.43,749.12,137.06,45.55,3049.79,3.00,44.24
763,Food,169.57,84.59,5.03,4665.53,311.34,628.45,47.00,3905.75,3.00,64.34
764,Food,181.00,275.28,23.52,4985.05,657.15,768.62,66.74,4175.42,4.00,55.90
765,Apparel,77.15,407.53,16.02,3628.77,373.91,268.11,61.49,1018.55,12.00,71.08
766,Pharmaceutical,55.01,368.19,41.30,1507.38,997.79,326.47,56.47,4507.61,7.00,32.77
767,Apparel,158.30,72.60,3.79,4410.79,300.37,228.67,17.94,3349.50,3.00,51.74
768,Food,62.21,82.81,21.51,341.18,315.17,503.86,60.44,4432.90,10.00,63.30
769,Food,166.30,231.29,23.46,1232.30,934.14,208.39,45.02,2529.35,8.00,40.04
770,Electronics,90.51,182.88,36.53,4497.19,73.41,349.34,72.59,2801.76,11.00,73.88
771,Food,136.83,154.57,29.14,1355.34,711.85,587.91,74.39,4611.38,8.00,54.96
772,Electronics,28.15,176.45,33.69,1181.19,739.06,492.08,13.86,4519.57,6.00,22.24
773,Pharmaceutical,128.53,411.57,39.08,776.81,844.56,370.52,67.44,2351.17,4.00,48.05
774,Apparel,95.84,468.15,43.25,4309.65,975.72,394.17,12.64,1517.18,11.00,16.71
775,Apparel,121.46,232.30,16.38,2550.29,976.82,493.48,35.70,2087.22,12.00,37.82
776,Electronics,41.92,457.75,27.36,3406.98,112.01,104.11,47.96,2061.27,11.00,65.55
777,Apparel,150.01,194.67,42.17,1271.43,830.75,154.96,20.37,1576.96,5.00,25.24
778,Food,173.93,264.40,49.48,3814.40,663.99,716.88,62.24,1489.18,12.00,48.43
779,Automotive,51.18,151.71,44.59,3824.03,664.98,154.52,10.58,4333.10,2.00,18.84
780,Electronics,28.19,338.21,19.20,1631.73,171.93,594.76,21.80,535.34,13.00,56.99
781,Apparel,14.49,490.54,10.56,2112.34,667.68,744.03,50.66,3452.53,6.00,54.17
782,Electronics,131.97,321.57,24.98,1127.48,983.36,289.48,60.01,1029.54,3.00,48.45
783,Electronics,125.35,211.02,37.34,4885.15,916.23,359.34,74.17,1853.63,6.00,50.95
784,Automotive,113.87,341.52,25.14,3263.45,467.17,498.24,59.38,495.41,12.00,64.63
785,Food,54.07,105.31,24.68,4679.27,87.95,717.20,57.02,1495.87,5.00,73.01
786,Electronics,84.27,449.90,42.07,1586.59,394.18,759.33,37.60,3888.42,14.00,42.37
787,Apparel,122.95,276.39,18.71,3931.27,835.07,617.69,10.09,4448.07,2.00,23.61
788,Pharmaceutical,104.39,252.21,43.13,3852.71,716.42,160.63,18.41,1263.33,12.00,27.93
789,Electronics,197.68,313.64,20.93,3489.11,486.38,568.41,47.42,2425.03,13.00,55.89
790,Electronics,35.92,331.15,17.08,4831.63,102.35,387.21,57.26,2457.56,14.00,73.81
791,Automotive,142.08,82.30,23.25,2028.42,455.55,429.49,39.22,4393.16,5.00,47.86
792,Food,86.82,357.18,38.36,740.51,495.57,134.40,61.15,3861.44,5.00,52.64
793,Pharmaceutical,91.36,158.87,7.17,3391.37,932.13,233.74,46.53,2662.77,14.00,47.11
794,Apparel,146.34,371.28,10.62,3673.62,659.03,653.36,15.19,3419.59,9.00,36.74
795,Pharmaceutical,141.56,420.14,47.62,2917.80,346.07,417.77,23.44,4267.30,11.00,33.76
796,Apparel,198.34,411.78,9.60,1113.41,549.05,311.16,68.80,245.79,8.00,73.60
797,Food,34.39,298.63,28.82,2571.83,112.75,368.81,60.74,2133.87,12.00,71.19
798,Apparel,29.78,284.08,29.39,1629.73,973.94,698.08,72.63,4554.77,12.00,46.23
799,Automotive,147.62,114.29,24.99,2194.59,392.06,624.30,18.23,3753.50,7.00,39.85
800,Automotive,119.89,398.91,32.59,3261.57,503.97,290.62,79.32,2805.64,12.00,65.89
801,Automotive,62.09,172.13,12.26,3751.55,387.52,182.25,24.66,2742.29,13.00,50.31
802,Automotive,25.09,273.51,28.08,1237.90,698.39,276.40,10.82,1869.30,14.00,29.49
803,Pharmaceutical,26.28,177.92,19.24,2086.09,679.12,744.53,79.82,2698.50,3.00,66.44
804,Food,179.90,110.22,33.42,1418.89,729.56,507.11,29.68,3345.84,10.00,32.89
805,Apparel,46.45,333.30,7.92,1073.29,304.74,473.44,56.76,2208.14,4.00,71.65
806,Apparel,71.44,74.45,28.97,3938.60,349.89,517.48,22.37,3627.94,6.00,41.84
807,Automotive,53.06,386.89,10.08,4555.34,168.99,356.22,50.62,4333.91,3.00,67.54
808,Automotive,77.45,192.91,14.65,1914.14,672.73,664.97,73.28,942.49,11.00,68.71
809,Electronics,23.19,50.06,11.72,3781.27,87.81,466.30,32.41,2367.43,9.00,64.15
810,Food,108.62,280.01,9.96,4495.28,617.80,181.72,56.92,2158.50,8.00,61.62
811,Pharmaceutical,22.85,71.08,41.46,4246.01,876.21,190.35,23.15,3499.83,6.00,21.71
812,Apparel,162.07,174.28,15.00,995.79,896.29,475.80,53.74,1399.36,4.00,51.18
813,Electronics,54.41,368.14,46.43,4785.83,476.59,755.60,33.55,3273.20,7.00,37.36
814,Electronics,112.60,78.21,48.53,1945.71,486.34,315.85,24.78,4411.95,13.00,29.57
815,Apparel,177.22,427.70,28.99,1762.28,123.12,708.68,31.92,2207.03,11.00,56.26
816,Pharmaceutical,133.67,51.72,8.01,405.91,687.23,634.87,22.52,4572.88,3.00,38.29
817,Electronics,111.26,161.07,19.35,2482.25,830.20,273.47,73.13,4967.19,10.00,53.99
818,Electronics,71.62,383.41,40.09,634.17,282.42,125.44,37.80,709.24,8.00,52.97
819,Food,73.27,192.32,19.00,1317.85,450.24,171.29,27.17,1318.66,1.00,49.84
820,Pharmaceutical,137.20,95.85,5.26,1653.02,846.90,609.95,41.39,4761.82,3.00,43.66
821,Electronics,198.89,212.11,28.28,4063.25,883.26,239.77,32.44,4799.97,11.00,28.81
822,Pharmaceutical,135.75,171.68,42.41,4389.89,281.02,359.89,62.11,668.99,5.00,64.32
823,Apparel,115.98,429.22,40.00,1582.08,573.04,451.19,77.99,271.99,5.00,65.26
824,Automotive,148.82,191.01,9.58,4307.62,232.87,607.83,40.66,973.28,10.00,67.57
825,Electronics,98.39,405.02,33.97,4300.43,146.78,179.26,70.27,4980.86,14.00,67.18
826,Food,21.43,451.34,11.80,3846.79,915.56,384.46,49.61,1064.00,2.00,50.49
827,Apparel,116.84,245.22,11.69,818.81,829.48,439.55,21.01,2612.23,10.00,35.72
828,Pharmaceutical,191.95,459.47,43.83,3482.58,772.03,478.58,58.34,4272.41,8.00,39.93
829,Apparel,43.31,219.79,13.23,4730.62,96.33,672.85,45.94,297.93,5.00,74.19
830,Electronics,141.10,483.84,13.90,3444.45,851.54,220.17,55.54,3101.55,7.00,50.46
831,Pharmaceutical,48.18,90.18,1.03,1724.92,466.14,665.48,72.28,1529.72,7.00,78.68
832,Automotive,111.81,359.16,43.66,2552.84,375.28,585.01,40.83,4339.21,14.00,43.01
833,Apparel,28.37,272.22,39.84,3264.05,569.15,489.11,73.08,1560.61,5.00,60.41
834,Electronics,95.57,224.44,31.74,2601.80,136.79,589.67,62.55,3496.43,8.00,67.48
835,Food,153.67,334.72,37.76,687.77,768.81,388.41,44.20,3436.25,9.00,37.06
836,Pharmaceutical,76.04,366.74,8.45,1629.11,603.31,196.88,52.23,1263.17,4.00,62.11
837,Apparel,136.33,51.96,23.46,4031.74,227.26,566.04,32.79,367.04,4.00,59.46
838,Apparel,161.14,125.13,18.21,4320.95,228.82,467.27,78.85,2164.40,8.00,80.95
839,Automotive,186.16,370.87,5.60,772.77,225.04,547.56,56.71,1588.13,1.00,76.19
840,Automotive,54.58,349.87,24.82,4766.70,104.15,336.60,13.07,4083.09,4.00,45.32
841,Food,85.87,484.72,46.12,1711.23,608.41,734.81,32.86,4041.75,6.00,31.65
842,Food,38.96,392.47,2.96,3345.34,848.33,511.16,53.63,2393.71,13.00,55.39
843,Electronics,198.57,477.85,15.28,3783.94,66.62,159.78,13.94,3111.26,4.00,52.64
844,Electronics,186.13,366.14,11.17,4078.54,96.55,414.86,11.67,3100.45,6.00,52.27
845,Food,112.59,184.12,12.67,4734.17,594.13,629.45,41.50,4170.36,5.00,49.52
846,Food,169.99,97.41,45.51,1633.31,828.52,655.89,33.29,2240.01,14.00,29.10
847,Pharmaceutical,108.98,401.82,23.94,4306.68,360.40,446.22,40.68,1522.14,9.00,56.91
848,Automotive,128.48,339.87,23.85,745.27,382.13,726.32,28.39,1472.17,10.00,50.25
849,Electronics,26.93,71.68,38.27,3554.70,616.53,287.37,21.53,2773.72,9.00,31.41
850,Automotive,153.50,212.02,8.57,3735.69,310.50,387.42,58.24,2355.91,4.00,71.67
851,Automotive,34.27,480.56,24.88,3420.84,75.28,729.02,46.02,2312.58,13.00,66.18
852,Food,166.95,275.18,22.07,1336.34,748.47,727.38,24.01,637.46,14.00,39.45
853,Pharmaceutical,158.59,244.73,30.25,4377.91,644.37,580.00,32.37,3649.30,4.00,37.46
854,Apparel,144.66,255.96,49.98,927.41,601.72,701.29,51.43,1225.94,12.00,45.22
855,Pharmaceutical,16.87,144.00,38.70,362.81,754.60,162.14,15.06,1145.38,8.00,27.12
856,Pharmaceutical,67.59,215.92,20.50,3615.58,691.47,705.50,20.32,2181.24,10.00,36.86
857,Automotive,59.99,216.42,41.55,2429.83,245.59,324.43,15.13,1293.34,4.00,40.99
858,Pharmaceutical,78.43,73.56,9.36,4260.58,384.86,224.83,66.86,3002.52,2.00,72.13
859,Electronics,26.65,395.41,2.49,1978.65,169.80,267.56,62.67,1983.02,13.00,81.28
860,Automotive,188.02,237.43,11.02,924.57,173.36,392.58,62.73,2354.78,13.00,77.05
861,Electronics,115.22,419.98,17.68,4198.57,692.39,275.83,60.14,2778.41,14.00,56.67
862,Apparel,68.05,432.66,26.02,2789.66,865.67,324.40,56.86,1176.97,2.00,49.70
863,Automotive,85.43,145.40,31.14,1027.06,964.60,194.48,43.39,947.61,1.00,38.41
864,Apparel,94.97,345.81,45.62,3629.88,646.93,307.32,54.96,4426.03,5.00,40.97
865,Automotive,124.11,262.53,25.98,2604.46,224.90,500.60,12.69,2281.87,6.00,44.64
866,Food,107.98,446.07,25.56,3061.13,150.37,409.30,53.50,2178.05,9.00,67.66
867,Pharmaceutical,184.68,147.08,3.46,2358.40,822.21,342.70,64.45,370.94,5.00,65.43
868,Food,104.42,355.02,2.71,4160.67,599.82,622.52,45.03,2590.29,13.00,58.25
869,Apparel,198.51,323.49,28.01,4164.86,637.37,725.46,35.03,2860.01,6.00,41.47
870,Pharmaceutical,171.77,182.89,22.47,3576.01,792.39,629.75,29.42,2882.44,6.00,36.19
871,Automotive,49.62,111.47,42.12,616.47,718.11,332.40,55.00,3593.75,3.00,41.92
872,Pharmaceutical,186.81,343.24,8.87,4210.38,842.74,621.11,58.50,1051.91,12.00,58.31
873,Electronics,32.11,382.37,2.22,3387.96,103.40,206.39,70.97,1410.67,4.00,88.67
874,Pharmaceutical,165.32,192.03,23.00,3515.42,760.14,191.22,33.96,4091.51,1.00,36.79
875,Electronics,82.32,340.17,12.64,1878.62,858.31,341.94,63.88,4746.42,4.00,51.65
876,Pharmaceutical,176.82,227.81,3.43,4408.47,321.83,665.39,49.29,852.48,1.00,71.92
877,Electronics,174.93,370.94,36.51,3654.32,658.42,272.44,71.80,2588.72,5.00,56.37
878,Apparel,163.13,139.65,6.47,651.69,348.45,144.28,46.95,1228.05,11.00,67.98
879,Food,160.11,450.60,30.81,2098.11,960.07,192.20,46.23,488.35,11.00,41.02
880,Automotive,67.89,179.33,14.77,4443.26,81.75,701.12,50.45,1762.42,8.00,73.34
881,Pharmaceutical,25.37,215.50,9.50,331.26,600.80,543.65,62.45,889.70,8.00,67.62
882,Food,86.57,76.14,19.61,4810.94,208.18,277.24,77.53,3607.68,5.00,77.46
883,Automotive,42.97,100.18,40.27,3427.90,726.61,488.71,15.15,2761.88,14.00,24.14
884,Automotive,142.04,282.14,20.21,3193.74,217.10,469.31,13.74,890.41,10.00,50.49
885,Electronics,75.76,170.42,37.79,1425.74,273.61,558.81,75.63,244.36,2.00,74.00
886,Apparel,195.37,425.97,7.15,1319.08,519.65,263.23,47.09,4079.15,12.00,56.94
887,Apparel,131.78,56.61,38.87,4716.09,919.09,705.08,53.04,1045.73,6.00,41.31
888,Food,166.27,220.59,12.61,1561.54,251.13,316.56,43.77,3109.84,1.00,63.09
889,Apparel,35.18,201.81,34.19,3899.98,187.03,585.89,16.56,1817.23,7.00,45.36
890,Pharmaceutical,173.78,58.70,28.72,2026.30,771.03,111.29,63.77,3010.33,11.00,51.24
891,Apparel,185.32,105.97,46.53,782.34,525.59,360.86,62.31,1715.14,4.00,53.34
892,Food,102.54,236.14,19.98,152.50,916.20,346.20,31.82,617.31,5.00,39.20
893,Apparel,125.19,271.79,4.24,2766.86,189.28,480.44,31.44,1270.16,6.00,65.80
894,Pharmaceutical,155.31,231.93,1.94,4881.32,663.63,150.92,68.65,1102.68,11.00,71.43
895,Electronics,43.22,288.92,41.52,1908.77,271.24,653.09,15.07,2254.49,1.00,38.28
896,Food,105.49,317.81,26.71,1850.24,198.92,252.45,71.68,3359.76,9.00,72.47
897,Electronics,85.75,54.47,38.99,1786.05,699.26,573.93,27.97,1466.27,10.00,34.48
898,Electronics,37.81,258.84,12.49,2650.66,614.00,662.25,51.51,257.94,4.00,61.82
899,Electronics,79.83,483.57,17.91,2259.26,767.09,493.31,75.52,2690.90,8.00,62.20
900,Automotive,22.95,283.56,2.48,4411.58,343.99,618.62,57.47,3107.65,5.00,71.21
901,Automotive,14.90,354.89,48.11,2577.05,475.57,563.30,39.01,4821.78,11.00,36.35
902,Electronics,35.68,190.34,33.73,2588.01,435.20,348.87,58.27,3029.46,8.00,56.53
903,Food,192.99,398.30,46.73,778.02,984.88,666.20,34.08,2461.63,1.00,23.88
904,Pharmaceutical,114.41,397.81,14.01,4915.42,327.64,306.29,29.41,2952.33,8.00,53.37
905,Pharmaceutical,193.51,284.58,30.96,1324.87,330.08,499.85,79.77,4653.92,11.00,68.29
906,Apparel,92.17,489.21,34.25,459.48,386.82,621.78,62.56,4176.22,13.00,57.62
907,Food,69.25,106.50,16.56,3349.42,586.36,365.27,55.13,1750.30,11.00,59.85
908,Automotive,106.17,57.63,42.56,3017.30,289.71,311.94,34.87,1338.82,4.00,49.04
909,Electronics,93.51,396.57,47.41,2134.21,919.53,421.54,13.44,1460.64,2.00,17.25
910,Apparel,30.08,413.22,44.36,2168.74,302.40,672.57,12.17,2621.22,11.00,34.03
911,Pharmaceutical,131.76,104.09,37.21,3946.81,901.02,750.95,48.79,3771.44,6.00,34.94
912,Automotive,51.05,169.51,14.60,1058.99,148.30,481.56,63.34,2615.45,2.00,76.15
913,Automotive,127.72,57.90,14.80,4119.24,673.73,563.03,47.62,525.42,5.00,56.63
914,Electronics,133.54,181.99,48.20,3278.86,911.64,732.29,68.85,3673.19,2.00,40.45
915,Pharmaceutical,38.88,397.91,1.50,2152.95,210.31,168.98,12.34,4068.66,3.00,51.12
916,Food,21.66,283.08,36.09,2344.34,969.91,262.46,35.67,1589.59,11.00,31.13
917,Automotive,158.34,206.64,35.61,1357.57,480.24,596.23,26.59,3387.80,6.00,37.87
918,Electronics,97.36,217.28,31.51,3785.36,948.43,676.62,41.31,2247.64,1.00,35.10
919,Food,21.05,50.61,49.52,2613.09,692.98,699.92,15.07,4467.77,6.00,18.00
920,Pharmaceutical,199.02,184.91,16.28,1672.19,336.51,390.58,76.79,4257.08,3.00,73.27
921,Automotive,20.98,340.91,17.66,3020.65,228.89,162.54,25.63,2722.07,7.00,53.44
922,Food,142.06,488.39,4.87,4979.10,338.55,406.45,74.56,3519.23,2.00,78.14
923,Food,196.90,431.18,22.70,2232.79,138.37,261.51,39.81,4440.08,14.00,57.80
924,Food,55.44,60.62,13.79,4611.39,186.67,303.84,78.99,2579.44,6.00,83.22
925,Automotive,37.03,454.35,17.83,1790.58,149.43,640.59,48.78,1703.60,8.00,69.37
926,Automotive,33.06,402.44,41.89,368.19,451.80,152.87,75.16,3817.60,1.00,59.63
927,Apparel,67.62,401.17,46.84,1100.79,805.80,679.31,10.37,1256.32,11.00,19.77
928,Pharmaceutical,29.20,256.10,10.10,2151.61,184.31,399.37,62.38,2064.95,11.00,77.49
929,Electronics,141.51,229.10,19.25,1176.21,173.80,517.24,73.21,4355.49,13.00,74.98
930,Food,21.84,186.31,46.50,101.11,661.26,162.76,19.78,3677.23,9.00,24.10
931,Apparel,106.79,79.56,4.03,4583.51,237.32,336.15,16.73,2138.29,5.00,55.36
932,Electronics,199.37,152.71,5.53,4235.01,142.73,162.79,39.72,1230.77,5.00,70.91
933,Apparel,164.65,160.97,8.98,3737.23,208.51,773.08,75.36,1908.65,13.00,84.02
934,Automotive,126.89,267.83,30.17,922.29,927.54,665.08,47.97,1563.70,12.00,40.96
935,Food,68.19,386.35,8.37,689.78,830.40,421.74,46.92,1045.23,5.00,53.11
936,Electronics,128.54,263.21,48.44,431.26,386.36,256.52,19.88,3768.00,6.00,31.44
937,Electronics,110.14,76.03,22.89,3647.74,673.03,753.42,10.06,1409.94,2.00,32.86
938,Electronics,90.96,481.01,25.57,4651.16,560.41,341.22,66.71,2380.00,6.00,61.55
939,Electronics,34.83,474.23,13.09,2209.63,693.27,212.69,16.13,2052.13,14.00,37.93
940,Electronics,178.45,403.34,24.08,683.79,698.54,494.22,54.37,4913.97,11.00,46.77
941,Apparel,95.46,496.10,33.43,2610.72,647.30,760.64,74.02,2077.24,4.00,60.06
942,Food,46.98,295.02,37.81,1809.28,302.80,102.68,24.61,583.92,8.00,46.93
943,Automotive,79.87,483.25,37.94,1936.64,87.06,266.69,56.57,631.16,13.00,69.23
944,Automotive,88.68,84.02,29.32,3144.52,482.79,756.91,15.51,3035.62,11.00,35.47
945,Automotive,167.23,214.56,45.31,3621.72,896.43,219.76,52.26,3076.95,9.00,34.96
946,Automotive,149.39,151.42,41.05,641.96,591.02,179.27,21.48,2210.04,9.00,32.17
947,Apparel,156.17,138.12,38.10,274.39,840.77,499.13,61.52,2272.85,8.00,45.75
948,Pharmaceutical,12.10,113.36,3.72,4972.22,992.04,703.29,31.09,458.88,3.00,43.37
949,Food,89.07,330.09,1.34,1240.37,205.44,433.98,42.44,2679.42,10.00,69.16
950,Electronics,101.46,401.59,11.41,363.77,707.19,796.19,51.96,2622.75,11.00,54.95
951,Pharmaceutical,13.65,310.23,33.51,1030.39,690.58,575.42,21.99,917.84,11.00,35.04
952,Automotive,59.36,116.13,21.15,290.89,980.96,151.85,61.91,698.43,4.00,51.67
953,Pharmaceutical,154.46,415.01,20.72,2019.87,986.32,794.98,31.18,793.15,1.00,36.13
954,Food,36.05,336.18,44.34,4031.77,702.34,385.53,56.37,684.94,9.00,48.00
955,Electronics,111.71,224.67,44.88,1772.10,281.43,301.18,21.08,3126.60,5.00,37.89
956,Electronics,50.89,353.36,45.55,2276.50,808.63,490.52,58.17,1143.12,6.00,44.32
957,Food,12.30,166.96,16.38,3410.38,151.68,313.02,18.97,1406.86,3.00,55.57
958,Food,55.83,205.34,34.86,2593.58,791.66,160.52,39.77,1033.15,11.00,40.13
959,Automotive,195.42,462.87,14.31,4321.08,914.69,101.00,27.30,4797.61,10.00,30.89
960,Electronics,162.29,180.73,10.34,4343.57,413.69,414.71,62.39,4302.16,8.00,66.04
961,Pharmaceutical,192.32,261.49,10.05,148.56,649.10,685.80,28.34,1306.38,7.00,48.07
962,Apparel,102.69,450.56,17.76,3912.43,458.64,500.62,71.72,1772.32,1.00,71.45
963,Apparel,30.85,368.47,22.07,2357.59,465.88,799.45,72.43,1207.49,10.00,71.00
964,Food,114.11,77.99,41.72,4945.32,344.85,300.79,23.75,2561.00,12.00,39.72
965,Automotive,96.33,116.29,6.87,2467.84,774.02,296.32,52.97,294.13,5.00,59.93
966,Apparel,170.43,53.53,37.01,4935.79,939.37,211.82,16.14,3422.57,10.00,18.24
967,Electronics,28.64,333.91,27.04,3797.39,943.71,214.84,37.41,2711.16,9.00,34.15
968,Food,102.77,251.45,15.11,1318.16,216.04,299.63,59.93,4513.47,12.00,68.41
969,Pharmaceutical,38.51,110.42,25.15,2738.14,881.01,654.99,56.16,989.08,11.00,49.61
970,Food,71.69,481.07,15.70,4961.46,750.56,734.03,53.73,4059.72,12.00,49.95
971,Pharmaceutical,150.10,288.35,30.21,4301.90,290.20,782.56,29.78,4001.41,6.00,46.10
972,Food,100.44,158.85,22.26,577.10,113.92,262.60,36.46,810.47,8.00,64.29
973,Food,81.42,275.27,9.06,3561.22,304.60,716.91,17.21,2113.08,10.00,51.62
974,Food,84.95,355.83,6.71,1793.34,916.60,329.78,60.33,1016.73,1.00,57.95
975,Pharmaceutical,97.29,84.31,27.79,134.21,651.52,178.99,45.27,1422.66,10.00,49.13
976,Pharmaceutical,159.15,173.62,45.22,2077.06,735.00,709.02,59.61,1463.58,11.00,46.74
977,Food,179.50,413.13,17.85,1250.30,294.29,545.27,27.43,2869.93,7.00,52.00
978,Apparel,191.51,256.85,36.92,4112.46,733.42,215.31,32.71,2174.77,3.00,35.24
979,Automotive,159.51,295.96,33.27,1752.92,76.72,400.88,33.40,4749.12,9.00,51.59
980,Automotive,69.93,244.77,46.65,4154.87,406.56,301.08,11.80,806.58,6.00,33.43
981,Automotive,140.75,69.75,41.23,102.93,645.42,615.76,33.87,4873.72,5.00,31.34
982,Pharmaceutical,93.14,124.59,28.76,1608.31,188.79,417.39,66.23,1307.07,8.00,73.33
983,Pharmaceutical,58.39,250.49,33.19,1281.71,831.85,792.50,72.81,3909.79,8.00,50.35
984,Apparel,169.77,144.13,45.02,1244.48,273.28,138.32,46.28,1827.06,12.00,53.28
985,Automotive,17.30,72.49,20.58,434.11,669.67,348.51,41.89,886.79,12.00,50.85
986,Automotive,181.33,429.64,17.01,1016.91,434.94,437.33,12.16,4317.87,3.00,37.59
987,Food,97.68,491.54,1.53,2822.19,616.24,452.19,71.54,1682.53,2.00,73.31
988,Pharmaceutical,131.07,406.91,41.50,1527.67,152.08,321.16,10.91,3362.51,2.00,37.57
989,Automotive,135.28,434.20,40.25,2145.23,66.07,610.47,76.13,2918.93,14.00,74.15
990,Apparel,180.07,158.89,6.12,1946.65,914.09,712.32,44.25,2464.43,5.00,47.32
991,Apparel,130.97,482.28,29.27,4391.93,306.15,757.10,33.94,2579.93,10.00,50.92
992,Automotive,126.65,138.62,23.74,4535.97,828.69,663.57,74.70,3714.74,12.00,55.56
993,Pharmaceutical,22.66,478.14,6.82,2515.49,999.38,695.41,11.71,621.31,7.00,31.90
994,Apparel,108.50,497.67,49.05,1717.76,250.86,485.38,50.70,3407.27,8.00,51.39
995,Food,38.53,370.28,11.52,623.32,301.91,678.12,48.43,4499.90,10.00,61.55
996,Apparel,150.11,491.51,4.29,4771.67,679.72,312.45,25.35,477.38,8.00,49.61
997,Electronics,107.32,306.29,30.15,395.11,967.18,378.94,40.02,875.14,13.00,37.19
998,Electronics,139.24,166.79,37.20,1558.49,920.02,321.84,55.66,3639.83,12.00,38.07
999,Pharmaceutical,17.92,246.65,2.59,1560.52,527.73,427.17,60.90,2298.95,8.00,68.98
1000,Automotive,26.11,317.10,33.28,1669.97,805.35,299.91,10.05,2137.03,10.00,23.28
